seq,name/first,name/last,age,street,city,state,zip,dollar,pick,date
1,Albert,Copeland,33,Sinun Loop,Bicsopvo,MD,93938,$6187.71,BLUE,05/28/1956
2,Aiden,Alvarado,46,Sava Manor,Jupdokdul,NJ,77192,$2023.88,GREEN,06/07/1974
3,Lydia,Guerrero,62,Lupte Extension,Pikimof,SC,90492,$3374.06,RED,10/21/1991
4,Aiden,West,58,Opola Ridge,Kighipfok,NJ,66081,$1641.34,WHITE,08/08/1971
5,Ethan,Hawkins,26,Camel Mill,Esuikiha,HI,82921,$6426.03,GREEN,06/07/1997
6,Nora,Gardner,57,Otahi Boulevard,Tapmidzij,MS,35708,$41.48,GREEN,12/03/1991
7,Christopher,Rios,49,Dodfu Terrace,Kemadzi,CT,59964,$4830.42,YELLOW,12/25/1973
8,Rosalie,Owens,41,Juusa Ridge,Bugacsa,NH,76448,$3555.84,WHITE,03/03/1980
9,Alex,Ryan,18,Galvo Drive,Jokomcaz,KS,35058,$254.97,YELLOW,12/14/2054
10,Lettie,Higgins,23,Comi Pass,Ikbahcac,FL,56644,$1063.00,YELLOW,05/16/1923
11,Brian,Cobb,52,Hebuf Manor,Ehupahi,CT,66411,$7396.86,RED,08/01/1954
12,Leah,Saunders,52,Ikho Glen,Nufizutun,WV,50658,$8901.82,YELLOW,09/08/1981
13,Ella,Thompson,43,Juevo Highway,Helgazve,NE,30617,$1088.29,YELLOW,03/18/1944
14,Lester,Santos,59,Memum Lane,Vutivpez,CA,98271,$9946.26,YELLOW,03/25/1970
15,Alan,Harper,63,Soig Ridge,Arkoha,KS,72277,$3698.95,RED,04/06/1926
16,Ann,Parks,26,Hupem Square,Sizhiaw,OK,14192,$6204.53,RED,11/14/2055
17,Charles,Ballard,57,Vemi Loop,Kuorsej,CO,56240,$4295.22,RED,07/12/2067
18,Elizabeth,Holland,37,Lucet Circle,Sirlicot,NV,25442,$4762.99,BLUE,08/08/1956
19,Noah,Nelson,26,Ivez Grove,Ulajawog,DE,67014,$1342.33,GREEN,04/06/1990
20,Donald,Shaw,39,Rigap Highway,Mavimsak,NJ,14551,$5418.03,BLUE,06/02/1976
21,Marc,Jenkins,41,Kijefa Manor,Judobib,UT,09588,$7103.98,WHITE,06/17/2047
22,Eddie,Gonzalez,20,Komeb View,Zoniwwar,NM,62707,$2059.24,GREEN,10/20/2060
23,Minnie,Houston,61,Igeon Glen,Vowbenci,MO,35621,$5141.04,BLUE,07/13/2054
24,Jared,Welch,52,Zarvo Manor,Arfevi,SD,68189,$7350.30,RED,04/09/1980
25,Dustin,Rowe,53,Huma Key,Lujosber,UT,25275,$7783.53,GREEN,11/09/1917
26,Alejandro,Sherman,47,Uglu Way,Tihuddad,MN,63219,$4455.54,RED,10/15/1981
27,Ivan,Pittman,38,Hurer Key,Tarseik,FL,60465,$6904.98,BLUE,08/14/1995
28,Lela,Cohen,51,Vasdi Glen,Gigehhi,CT,15728,$3527.94,BLUE,07/24/2014
29,Flora,Kelley,48,Melar Terrace,Tiwratew,GA,55468,$4161.55,BLUE,05/27/1922
30,Aaron,Haynes,48,Icte Loop,Huwtuvim,KS,18540,$9082.91,YELLOW,06/30/2065
31,Billy,Griffith,62,Ijenu Park,Ijaliwrub,ME,99827,$8460.18,GREEN,09/02/1984
32,Fanny,Barrett,43,Wepha Heights,Lizeldes,DE,86884,$5830.91,BLUE,03/12/2061
33,Lucas,Hopkins,63,Jamom Highway,Levemuku,UT,97588,$6888.69,YELLOW,10/12/1937
34,Caroline,Boyd,63,Fojuj Circle,Fiaroob,AK,96023,$5734.73,GREEN,10/23/1992
35,Nathan,Silva,62,Dilpip Drive,Luinlok,WI,32491,$7668.87,YELLOW,05/27/1995
36,Teresa,Brown,59,Gipniw Parkway,Sijgakboj,MT,81852,$868.94,RED,03/29/2032
37,Hettie,Flowers,31,Wetnem Ridge,Vucucen,MT,06442,$7763.74,WHITE,07/01/2007
38,Ruth,Williams,34,Mamu Terrace,Zetezud,CO,02688,$5408.05,YELLOW,05/13/1976
39,Victor,Thompson,55,Vatba Parkway,Cetahe,IL,09189,$2061.68,YELLOW,02/27/1930
40,Esther,Goodman,58,Bumvav Lane,Lopawahi,MA,33257,$661.47,YELLOW,12/02/1973
41,Melvin,Powell,57,Todro Point,Rarkejez,MS,43930,$6284.62,BLUE,02/12/2020
42,George,Marsh,52,Wenoh Pass,Urenomo,NE,92574,$170.26,WHITE,07/18/2046
43,Nina,Nichols,63,Iwihi Street,Jowiwco,GA,20989,$76.86,WHITE,12/25/1955
44,Ernest,Guzman,64,Virmu Avenue,Favmegja,PA,74726,$9756.64,RED,09/28/1972
45,Cody,Anderson,55,Noshug Avenue,Olugoas,UT,20283,$2489.96,YELLOW,03/14/2040
46,Edith,Munoz,28,Cavu Avenue,Foapowi,IA,23721,$2959.28,BLUE,05/24/1956
47,Nelle,Hammond,41,Zinbum River,Eteasbi,UT,42276,$7432.70,GREEN,08/11/1994
48,Harvey,Reese,21,Sinun Court,Duowizar,ME,13429,$622.49,WHITE,07/12/1991
49,Etta,Floyd,29,Bevrum Pass,Ritentu,WA,58012,$8774.93,GREEN,09/28/1939
50,Mike,Morton,46,Begza Court,Polimlu,UT,50027,$9929.09,YELLOW,06/22/1929
51,Polly,Soto,47,Wuvow Ridge,Awdefuv,WY,99605,$5264.33,YELLOW,06/13/1982
52,Bertie,Morrison,44,Ekifi Junction,Ojizzu,IL,59666,$5556.43,BLUE,09/14/1901
53,Bertie,Johnston,65,Akape Manor,Fonlumkuz,HI,39431,$742.33,WHITE,09/21/1930
54,Bradley,Garza,25,Ugrih Road,Bujisvij,MT,80182,$9025.38,WHITE,12/30/1906
55,Cecelia,Parker,46,Butjon Parkway,Wuzuzsi,WY,02469,$6660.84,BLUE,02/23/2040
56,Frank,Austin,42,Jelug Court,Vavaluj,TX,12961,$7356.68,BLUE,12/29/2007
57,Luella,Brown,50,Ruvri Place,Fijcico,RI,59249,$9882.60,WHITE,12/05/1905
58,Ada,McCormick,63,Virse Path,Nirzepuw,NC,47512,$6524.55,BLUE,12/08/2052
59,Tommy,Jones,22,Liub Avenue,Rowawti,WI,37962,$3181.01,WHITE,07/30/2016
60,Lottie,Garrett,65,Iwhe Loop,Gijeud,OH,52937,$2340.82,GREEN,04/18/2014
61,Charlie,Cox,63,Babo Mill,Uveonnoc,OR,53583,$5921.21,WHITE,07/08/1913
62,Lura,Hansen,56,Ranuk Junction,Eclawu,NV,80438,$3179.29,GREEN,03/19/2064
63,Jordan,Edwards,19,Vupam Pass,Onunacam,NV,84819,$6060.71,BLUE,06/11/2033
64,Bertha,Fleming,29,Mijow Terrace,Pautinot,MS,05646,$8527.98,BLUE,09/07/2042
65,Mitchell,Franklin,62,Pujaj Park,Afihezpih,MT,43546,$1659.81,BLUE,07/02/1982
66,Austin,Floyd,51,Cuiz Trail,Gokusbu,OR,93990,$9142.58,YELLOW,07/12/1923
67,Dominic,Wise,22,Sezih View,Unajcot,SC,57605,$6183.42,RED,06/29/1996
68,Fannie,Carlson,42,Nugu Ridge,Fatmadal,IA,98189,$5734.07,GREEN,04/03/2001
69,Georgia,Cooper,65,Holob Plaza,Engoope,OR,08463,$4160.91,YELLOW,05/25/1998
70,Ola,Hopkins,45,Etujep Path,Tozjuvga,WY,00828,$2397.89,WHITE,09/04/2045
71,Dylan,Roy,61,Bovoz Grove,Ubkeni,RI,88163,$9644.63,GREEN,04/29/2059
72,Ronnie,Hale,58,Bavvun Point,Bekako,OR,81780,$1132.28,BLUE,01/29/1944
73,Joel,Tyler,27,Igpe Court,Simsogu,CT,90415,$7479.64,GREEN,02/05/2025
74,Lida,Kim,37,Givcek Glen,Nusoces,RI,04088,$668.10,RED,02/16/2042
75,Adrian,Becker,48,Esiihi Loop,Imwelloh,MS,12480,$5229.98,WHITE,09/24/2061
76,Martin,Fields,21,Mejuf Way,Belmeiwa,RI,72382,$1286.72,GREEN,05/27/1935
77,Genevieve,Becker,21,Deklo Ridge,Zenjatkep,ND,72390,$87.26,WHITE,04/21/1943
78,Isabel,Massey,42,Giwhed Parkway,Kobiram,GA,87588,$3173.36,BLUE,10/13/1998
79,Bertie,Barton,38,Hafmob Glen,Mawufha,DE,43925,$7609.71,YELLOW,03/07/1943
80,Verna,Roberson,21,Firfag River,Tafuti,WI,53661,$2028.48,RED,08/29/2047
81,Mattie,Pratt,21,Pofzil Circle,Hobdomro,MD,86314,$767.57,RED,07/05/2058
82,Isabel,Aguilar,58,Gutu Mill,Binzoccew,NV,82715,$536.04,GREEN,06/16/1928
83,Catherine,Frazier,55,Gosbu View,Dihjepu,AL,80674,$9137.22,RED,02/01/2058
84,Lina,Flores,46,Wiuwa Drive,Ohuvatiba,ND,25018,$2082.09,WHITE,10/14/2010
85,Alma,Fox,57,Gitsa Glen,Feejned,AL,48524,$744.45,BLUE,04/11/1974
86,Joe,Mathis,33,Puzeb Extension,Oclogek,SD,55778,$8992.83,GREEN,05/14/2060
87,Jeffery,Cobb,19,Kembiw Lane,Ujtewco,DC,70311,$3441.70,BLUE,08/11/2040
88,Ada,Gray,49,Hafo Loop,Bezlohze,AZ,56444,$5413.35,RED,01/30/1966
89,Lenora,Perkins,42,Ramwu Manor,Fembuweg,OK,23682,$8767.68,GREEN,05/08/1931
90,Brian,Lewis,43,Zenpiv Highway,Obcuwpe,IL,56623,$1328.22,RED,08/20/2009
91,Juan,Bennett,51,Kevfep Heights,Usuezasow,IN,90765,$5632.28,GREEN,07/24/2000
92,Etta,Goodwin,20,Fuglo Grove,Hatreabe,WA,45539,$4348.96,RED,10/11/1972
93,Adam,Robertson,50,Rupwe Trail,Emagumliv,AK,33293,$6956.08,WHITE,09/25/1925
94,Anne,Hopkins,56,Cujdal Highway,Vovmupe,LA,64692,$4569.13,BLUE,07/26/2058
95,Rosetta,Munoz,36,Seleka Plaza,Fitudite,OH,81285,$3415.13,BLUE,09/06/1955
96,Chris,Hanson,35,Jakol Drive,Givogzom,RI,35238,$8207.63,GREEN,01/11/1911
97,Amy,Hubbard,36,Kehoh Circle,Lebiosu,CO,01349,$1483.63,WHITE,06/11/2050
98,Larry,Barker,61,Taeco Terrace,Gigaziho,MN,89016,$9451.82,GREEN,06/03/2057
99,Florence,Sutton,37,Okba Plaza,Henudi,OR,90535,$2430.46,RED,04/23/1925
100,Garrett,Tyler,55,Hasda Lane,Bukesob,UT,16224,$1814.38,YELLOW,06/12/1995
101,Theresa,Little,22,Mubla Court,Toefofok,HI,45737,$455.63,YELLOW,03/29/2021
102,Ian,Ray,43,Cesi Point,Catolub,MN,71742,$9427.23,BLUE,03/06/1965
103,Max,Russell,36,Sape Pass,Ezokton,ME,09872,$8667.59,RED,02/24/2069
104,Tony,Hayes,52,Kokaho Glen,Ehrepfi,MT,55893,$1927.97,YELLOW,02/26/1952
105,Helen,Yates,43,Sovte Pike,Otoucaza,DE,29049,$1525.30,RED,08/22/2027
106,Amelia,Garcia,60,Farcur River,Mevlibag,AL,48670,$3449.11,YELLOW,01/18/2008
107,Melvin,Hodges,30,Epuhem Court,Kavalpo,TX,76883,$2190.30,RED,10/14/2041
108,Anthony,Webster,21,Esuta Ridge,Daidupoz,CO,11087,$6092.35,GREEN,03/14/1990
109,Peter,Todd,28,Cimdaz Center,Ufurojo,FL,51386,$7002.37,RED,06/23/1934
110,Nancy,Lane,44,Omka Road,Alkikgif,LA,72689,$3785.73,RED,10/06/1986
111,Katharine,Graves,25,Bizfet Manor,Luhcehta,WV,25520,$8870.24,GREEN,09/26/2042
112,Olivia,Lyons,53,Siro Pike,Cuthebi,MI,06343,$224.64,RED,11/24/2036
113,Hannah,Bradley,39,Jencu Path,Wominmid,AL,45965,$9377.02,WHITE,02/03/2054
114,Agnes,McDonald,40,Jihe Parkway,Tukewow,LA,78201,$3776.00,GREEN,01/11/2048
115,Carl,Townsend,22,Vudit Terrace,Jealmof,MO,32663,$7026.76,WHITE,04/25/1922
116,Leonard,Jordan,63,Anzam Terrace,Poekjo,TX,83753,$810.55,GREEN,03/04/1993
117,Manuel,Warner,44,Lajho Extension,Iriuvgu,WV,32202,$4710.89,YELLOW,09/22/2009
118,Harold,Perez,32,Jobta Path,Luwuco,AR,12325,$565.04,BLUE,06/30/1923
119,Arthur,Mack,56,Rimu Road,Totkojis,MA,40898,$2465.87,GREEN,12/23/2054
120,Jesus,Stewart,57,Resmib Drive,Culukig,KY,28046,$8001.99,GREEN,06/01/1905
121,Lilly,Bowen,20,Nowvo Point,Curzakte,MO,26467,$2143.39,GREEN,05/14/1933
122,Ollie,Hammond,39,Otoej Boulevard,Tutnotvem,MA,21263,$8674.40,BLUE,12/28/2020
123,Tommy,Cain,54,Umhi Junction,Zusfinal,SC,94738,$5610.15,BLUE,01/05/1998
124,Marguerite,Barnett,22,Macpop River,Jetilusa,OH,72405,$8243.86,BLUE,12/17/2060
125,Leo,Armstrong,53,Toad Plaza,Kacpaci,MI,59403,$5498.82,YELLOW,05/07/2004
126,Tommy,Austin,22,Vuga Junction,Kohgutab,NV,55449,$8515.24,GREEN,10/16/1950
127,Lee,Hale,56,Zevzap Lane,Uncope,AR,01306,$1072.51,GREEN,09/05/1969
128,Alexander,Sherman,23,Emaeji Pass,Bohbuwjan,KY,44360,$5501.16,YELLOW,10/28/1910
129,Ronnie,Schwartz,26,Vipol Turnpike,Leance,MT,60171,$3640.26,RED,01/13/1993
130,Mina,Alexander,22,Gemup Grove,Boksiki,AZ,84192,$1329.52,BLUE,02/06/2033
131,Callie,Walker,27,Cuvvoz Mill,Kemnejod,IL,22142,$3366.89,YELLOW,12/14/2058
132,Glenn,Allison,55,Owsum Plaza,Zojizjon,WA,07188,$1651.17,RED,03/14/1993
133,Jerome,Robinson,39,Cojfa Road,Adjopa,UT,87844,$1189.35,BLUE,01/16/1904
134,Emma,Miles,47,Amtu Drive,Duskobi,NM,13379,$1735.75,BLUE,06/21/2018
135,Jeremiah,Ramos,57,Razot Place,Jawajle,WV,95928,$5387.30,RED,02/28/2019
136,Gregory,Webb,63,Ujabos Key,Kicupi,AL,59752,$1795.49,YELLOW,03/26/1953
137,Austin,Myers,63,Rujini Drive,Zaratoki,VT,16971,$6119.92,YELLOW,05/17/2007
138,Ronald,Herrera,65,Epiale Highway,Bozuvhi,MA,06453,$5863.79,GREEN,03/09/2064
139,Rose,Johnson,43,Sanu Path,Nuuwegeg,NE,62411,$6485.85,BLUE,04/05/1911
140,Brian,Kennedy,62,Vewnu Glen,Sutuhunu,FL,08528,$6062.26,GREEN,11/03/2008
141,Clayton,Mitchell,54,Jopkuw Boulevard,Jetwide,KY,67386,$8780.58,WHITE,07/22/2064
142,Georgia,Lane,32,Umose Pass,Sobnesi,SC,46850,$2412.20,GREEN,08/08/1952
143,Lily,Reese,56,Rabce Ridge,Zersazno,ME,26028,$5295.69,GREEN,10/24/1986
144,Nancy,Silva,19,Gerij Circle,Zivimisin,MA,18908,$8460.92,YELLOW,06/02/1917
145,Edwin,Ballard,21,Ikki Circle,Berosgej,ND,20431,$8265.74,WHITE,07/21/2056
146,Florence,Clark,37,Kito Drive,Dintiske,FL,86672,$1623.45,RED,01/09/1995
147,Lottie,Bryan,32,Ahafur Boulevard,Mokeriza,UT,78050,$915.84,RED,03/21/1964
148,Philip,Shaw,18,Lala Glen,Havutod,AR,94350,$6767.91,BLUE,12/24/2021
149,Louis,Duncan,36,Roldop Parkway,Rehipul,SD,80518,$1812.24,YELLOW,05/19/1945
150,Stephen,Wheeler,61,Lefe Lane,Enbaaza,NH,65506,$4673.31,BLUE,12/19/1923
151,Donald,Frazier,41,Pevme Square,Kileab,NM,27002,$1645.54,BLUE,08/18/1988
152,Jason,Cox,48,Leczo Extension,Zajubuz,NE,20972,$8446.03,BLUE,08/31/2029
153,Raymond,Reed,62,Motceh Glen,Faokego,HI,95486,$2258.24,RED,04/26/2043
154,Laura,Edwards,29,Dojzol River,Ulehambas,MT,14236,$8028.15,WHITE,02/14/2026
155,Kenneth,Garrett,42,Zoavu Heights,Pumohti,WV,64008,$124.92,YELLOW,04/22/1962
156,Milton,McGuire,37,Moddec Pass,Vasesbom,OR,23454,$173.84,YELLOW,12/10/1996
157,Millie,Roberts,36,Emeako Circle,Cabpimle,NE,25108,$9735.20,YELLOW,05/08/2050
158,Jean,Barker,61,Gekez Grove,Asijaefi,VT,34804,$76.54,GREEN,04/10/1986
159,Garrett,Green,32,Nuzhil Court,Kirfogos,HI,23464,$5756.72,YELLOW,10/27/2064
160,Danny,Luna,63,Sodfom Way,Uftepo,OK,68555,$2418.05,YELLOW,02/22/1933
161,Daisy,White,56,Daewu Trail,Lopezcuh,DC,24047,$8573.78,BLUE,06/27/1978
162,Myrtle,May,47,Ronfob Way,Nisakko,CT,22197,$675.07,GREEN,05/19/2030
163,Jason,Holland,20,Mipcat Trail,Cakajeku,LA,80923,$7602.83,GREEN,04/09/2022
164,Ola,Drake,51,Keda Avenue,Vantute,AZ,76241,$7472.52,BLUE,05/27/1999
165,Luis,Baldwin,54,Cahni Highway,Visgiwhun,LA,88866,$8414.33,WHITE,04/20/1914
166,Frederick,Walters,27,Mopmi Boulevard,Odjilwor,IN,71357,$6555.46,BLUE,04/16/1964
167,Danny,Mitchell,38,Keza Circle,Tocbadca,LA,35264,$7556.93,BLUE,10/03/1909
168,Derrick,Jennings,44,Zivuv Square,Rakcascu,NE,91637,$7100.77,YELLOW,02/20/2001
169,Nettie,Ferguson,42,Damup Boulevard,Ehokavnop,TX,51303,$4434.83,BLUE,06/17/1927
170,Brian,Burgess,36,Ukaga Path,Uwtetzoh,MI,37869,$3049.45,YELLOW,10/21/2020
171,Winifred,Simon,62,Gacha Plaza,Zitdane,WA,98878,$1518.85,GREEN,11/03/2054
172,Donald,Gonzalez,59,Veho Mill,Zuwiwe,GA,84397,$6312.98,BLUE,02/17/2001
173,Winnie,Dixon,64,Amema Street,Nidodsik,MO,29299,$2512.56,GREEN,08/10/1959
174,Madge,Webb,63,Feli Court,Oracado,MT,84603,$727.90,BLUE,09/12/2000
175,Louis,Potter,34,Tazo Terrace,Jujfamew,MT,32450,$4981.59,WHITE,10/19/1966
176,Viola,Vega,39,Sopcun River,Bavomdek,MI,29483,$4858.13,RED,05/12/1908
177,Lucille,Herrera,27,Gaij Court,Jidojiin,VA,38552,$8451.18,BLUE,06/17/2030
178,Randall,Rogers,54,Sovove Place,Busool,MN,72667,$167.96,YELLOW,11/19/2058
179,Leonard,Jensen,19,Hajuk Pass,Imwapkaw,MS,05532,$4452.79,BLUE,11/07/1929
180,Michael,Ray,52,Elokam Extension,Cahufaw,MO,70510,$7200.05,RED,09/30/1910
181,Justin,Clarke,36,Puhla Terrace,Gouvwuk,WY,70906,$7458.90,GREEN,07/12/2022
182,Loretta,Smith,64,Cafteh Parkway,Addibiwi,ND,27256,$7510.48,RED,06/06/1906
183,Dean,Morrison,34,Lonok Glen,Jelcosbe,ND,36995,$9574.78,BLUE,05/03/1912
184,Vera,Lamb,30,Lopuk Center,Wamhacna,CO,74462,$6744.38,WHITE,02/22/2042
185,Eleanor,Hogan,32,Vogow Heights,Fevuvjum,WY,25633,$4198.10,RED,11/06/2010
186,Addie,Jackson,35,Jaud Loop,Decuvih,WA,72838,$4444.11,WHITE,12/29/1946
187,Edwin,Rowe,34,Kiste Point,Kizuwme,MS,18763,$1471.14,RED,11/18/1958
188,Lottie,Logan,27,Foriv Drive,Ofpewube,NH,10257,$8905.94,GREEN,02/28/1929
189,Elizabeth,Carpenter,23,Ijoric Manor,Inidaguh,DE,57831,$3222.44,GREEN,03/12/2034
190,Leon,Tyler,59,Valuf Turnpike,Segizcop,ID,94840,$9924.19,WHITE,10/15/2044
191,Charles,Wise,40,Ekinu Extension,Pivaro,DE,93894,$835.83,RED,11/03/2069
192,Christina,Cobb,28,Zijo Plaza,Umozuvum,MI,04182,$4508.58,GREEN,06/10/1927
193,Marc,Roy,46,Ivufet Path,Ihpucla,DC,70661,$1690.90,GREEN,02/22/2036
194,Ora,Hodges,64,Itico Key,Wogvefe,DC,26268,$5781.64,GREEN,02/12/1913
195,Cordelia,Garrett,35,Kubu View,Monadkah,CA,73227,$3466.88,WHITE,09/17/1952
196,Rodney,Weaver,39,Zakwun Extension,Zusdauh,IL,01503,$8151.11,GREEN,12/05/2052
197,Walter,Yates,33,Telefo Pike,Avwolnej,MD,50105,$5024.57,BLUE,07/15/2055
198,Carl,Payne,37,Zizbi Point,Zedugfow,SC,94900,$399.98,YELLOW,10/26/1917
199,Lena,Abbott,50,Moemi Square,Pizodu,TN,42573,$5357.41,RED,02/04/2031
200,Katherine,Roberson,58,Poru Pass,Diuszip,SD,50125,$3944.86,YELLOW,03/04/2053
201,Helen,Cole,22,Oseub Place,Wokrieg,GA,90244,$3525.94,GREEN,02/02/1959
202,Dorothy,Frank,55,Lakke Loop,Sakrozosi,WI,68978,$723.94,WHITE,02/09/2016
203,Chris,Abbott,35,Wowfi Lane,Ovuocker,OR,53796,$7786.09,WHITE,09/23/2044
204,Raymond,Hopkins,49,Korup Boulevard,Owilten,CT,17887,$2913.94,RED,02/24/1930
205,Olive,Cannon,36,Ubuwa Center,Fagzuano,NY,90152,$7166.94,RED,07/02/2026
206,Stella,Brady,60,Cagho Point,Fuirufu,ME,22112,$1060.25,GREEN,07/17/1929
207,Janie,Norris,59,Zojin Lane,Sovico,NJ,74386,$7666.56,RED,02/02/2023
208,Linnie,Walton,20,Folpa Loop,Latofesu,WI,77181,$915.38,BLUE,03/07/1981
209,Isabelle,Russell,27,Perid Parkway,Dubloha,IA,65704,$5073.20,RED,09/19/1972
210,Jayden,Allison,46,Anive Street,Gaptujod,KY,22155,$5035.94,YELLOW,01/11/1953
211,Dennis,Frazier,47,Ibobi Glen,Kahdekes,UT,67231,$4190.79,BLUE,06/16/1936
212,Barry,Patton,33,Wude Heights,Evuuvne,TX,51399,$4661.01,GREEN,09/22/2007
213,Sylvia,Cross,32,Cenwet Boulevard,Detijve,SC,10011,$3990.31,GREEN,05/28/1982
214,Frank,Carlson,48,Fuguj Street,Kidisfi,CA,59237,$9169.90,GREEN,03/21/1988
215,Ernest,Miller,48,Kudij Parkway,Isuleca,WA,86476,$5761.93,BLUE,03/22/2020
216,Effie,Hubbard,57,Cauf Drive,Henezha,NE,86689,$9603.90,WHITE,10/23/1908
217,Rachel,Patton,25,Uzego Street,Icsaaz,ID,99042,$6470.50,GREEN,03/13/2053
218,Rose,Nelson,20,Renka Court,Uwwumuw,MA,97034,$4937.68,GREEN,08/18/2008
219,Nathan,Gregory,58,Fowis Park,Idoacanuc,CA,85860,$9477.36,GREEN,01/17/1956
220,Tommy,Figueroa,27,Dubje View,Nelfesdok,NC,44264,$4930.27,WHITE,01/05/1907
221,Ricky,Elliott,24,Guwzap Glen,Kutakbo,DE,54056,$8824.00,WHITE,10/27/2016
222,Edward,Stone,23,Fuor Ridge,Cafeuh,GA,41087,$6490.31,YELLOW,10/03/1904
223,Gregory,Fowler,33,Hobsaz Street,Waftuhbun,MN,10957,$2753.22,BLUE,09/19/2010
224,Lettie,Clayton,42,Poij Pike,Jazasug,CT,50893,$6221.17,YELLOW,06/24/1981
225,Clayton,Richards,62,Gigim Circle,Vipmaluwa,WV,00903,$2504.87,WHITE,09/17/2057
226,Sylvia,Clark,18,Oheded Circle,Abdabfun,HI,24375,$1912.31,GREEN,11/08/1988
227,Larry,Hunter,24,Ejamat Extension,Unnogte,TX,90052,$7343.10,GREEN,07/27/1991
228,Jim,Lambert,59,Cefruc Highway,Gooldo,MA,52727,$8170.64,RED,08/07/2044
229,Gertrude,Hunt,55,Ipiwiw Extension,Cacfofo,FL,49040,$6169.02,WHITE,05/22/1911
230,Isaac,Townsend,58,Fohfof Center,Mudoag,AL,86990,$6946.92,YELLOW,11/15/2070
231,Flora,Yates,28,Mofa Mill,Jewateni,RI,38318,$8764.76,BLUE,07/30/2017
232,Lucille,Medina,23,Ecrap Lane,Gumiziz,IL,39782,$3431.44,YELLOW,02/19/1969
233,Jay,Valdez,22,Luuku Street,Usozuhuf,IA,35703,$577.83,BLUE,09/29/1975
234,Lina,Butler,29,Nocig Court,Guvesizu,IL,68040,$2511.15,YELLOW,03/03/1966
235,Manuel,Andrews,47,Litapa Pass,Duwcowu,PA,35020,$4942.60,YELLOW,12/24/1956
236,Eugenia,Brady,20,Haof Drive,Lusfohin,VA,43937,$9070.02,RED,03/08/1986
237,Milton,Hicks,18,Vosgij Circle,Rioleko,MS,54232,$5128.60,GREEN,11/19/2068
238,Viola,Burns,56,Tamis Center,Ahaibsu,MO,73337,$7883.82,RED,03/02/1977
239,Rosie,Ward,38,Vamibi Mill,Vinniroli,TX,60130,$5588.50,RED,08/29/1954
240,Elsie,Hansen,53,Mafine Plaza,Bolumwi,ME,05260,$9255.95,BLUE,01/15/2062
241,Clayton,Bryan,62,Buksaj Parkway,Guvogase,LA,64238,$4854.01,BLUE,12/04/1912
242,Stanley,Henderson,41,Feaju Boulevard,Midabi,MD,43240,$1674.33,RED,12/03/1912
243,Joshua,McKinney,23,Ceza Parkway,Hodijer,RI,43652,$9287.22,GREEN,02/06/1910
244,Sara,Bryan,56,Cuba Way,Gusdizuzu,AR,14991,$6882.36,YELLOW,07/14/1947
245,Bryan,James,19,Ucla Plaza,Petivzis,NE,31682,$4152.84,WHITE,05/05/1912
246,Lelia,Huff,32,Nopsem Terrace,Bohpugi,SC,58666,$4803.71,GREEN,06/07/1977
247,Adeline,Bass,26,Rafri Terrace,Sogobboh,MA,89962,$3828.22,RED,11/30/2044
248,Lettie,Rios,31,Vusrur Lane,Waskiim,AK,48106,$5124.43,RED,04/09/2014
249,Amanda,Yates,61,Puzdu Pass,Ukimespah,PA,05080,$4208.18,YELLOW,10/22/2038
250,Pearl,Harrison,60,Ocoifo View,Bobkesuf,NM,39450,$7809.05,BLUE,06/21/2010
251,Sally,Hanson,40,Zogov Highway,Eruotolur,KS,24960,$1829.31,RED,01/19/1969
252,Louisa,Munoz,43,Ogipe Lane,Sushobri,OR,18675,$2310.46,YELLOW,08/24/1930
253,Genevieve,Murphy,53,Sebo Drive,Udhafmip,IL,95084,$6254.10,BLUE,03/31/1928
254,Gregory,Brown,41,Jivi Loop,Afcovnam,NC,80094,$4915.10,RED,09/10/1981
255,Jeremiah,Rice,19,Fagon Heights,Nazrarno,DE,39181,$7337.23,GREEN,02/02/2057
256,Jorge,Pratt,20,Wovet Mill,Zuenco,GA,10873,$5487.57,WHITE,07/06/1922
257,Carlos,Powers,30,Vokbe Park,Rujtegrak,SD,55702,$9744.70,WHITE,04/08/1938
258,Elijah,Thompson,57,Lihah Square,Cehedeam,KY,05721,$1998.35,YELLOW,08/15/1952
259,Cora,Allison,26,Asumo Road,Sesiniwaz,MS,22769,$8630.17,GREEN,08/30/1905
260,Martha,Jenkins,61,Buva Square,Conisun,KS,46037,$2308.17,RED,12/05/2029
261,Edna,Barnes,30,Emto Circle,Jomsaer,WA,95142,$742.82,RED,02/02/1969
262,Ralph,Frazier,26,Higo Drive,Tilhowvo,NC,97042,$9746.73,BLUE,10/13/2014
263,Ann,Woods,49,Zehpej Extension,Butawsa,RI,18670,$4180.31,GREEN,12/12/2021
264,William,Gordon,41,Penvi Terrace,Luacleb,FL,17100,$8021.06,WHITE,01/15/1917
265,Katherine,Clayton,21,Icoka Drive,Ivalehaf,MN,85768,$6897.50,GREEN,10/11/2031
266,Bettie,Howell,61,Caic Trail,Luniduju,OK,54063,$7076.32,WHITE,05/01/2021
267,Jeremiah,Williamson,60,Acimud Turnpike,Cibnukaf,SC,79684,$5409.96,GREEN,12/04/1972
268,Mable,Osborne,29,Iweez Court,Iswofe,AL,10087,$6418.77,RED,12/06/2044
269,Lewis,Collier,30,Timuga Boulevard,Vuvozaw,WA,96473,$7276.93,BLUE,01/24/2041
270,Caroline,Stevenson,23,Ojpir Park,Volnakle,GA,14523,$2112.61,WHITE,09/08/1972
271,Matthew,Riley,47,Ejbo Turnpike,Abfilu,IL,86214,$9326.74,WHITE,07/12/2016
272,Bill,Kelly,23,Ujufi Parkway,Gezcube,CA,96093,$6887.47,YELLOW,11/23/2035
273,Rose,Harvey,39,Jokiw View,Riusro,MT,26922,$385.97,YELLOW,09/12/2017
274,Robert,Cunningham,54,Ralal Turnpike,Hiassa,AK,69925,$6794.91,YELLOW,09/12/1942
275,Gilbert,Goodwin,19,Bipja Path,Ruhlegfo,MI,71391,$306.22,RED,11/24/2049
276,Philip,Austin,24,Hete Key,Onheeso,ND,96465,$1663.70,RED,11/02/2035
277,Edgar,Hart,33,Seen Loop,Gohugvu,LA,85494,$3014.10,BLUE,06/17/2014
278,Pauline,Sanders,47,Urri Park,Wovcolna,OH,10093,$5283.44,GREEN,12/26/2019
279,Mattie,Payne,49,Padlin Street,Luheico,WV,19382,$3546.57,YELLOW,08/13/2013
280,Cynthia,Poole,22,Zuso Square,Hecelbo,NC,87044,$4987.43,YELLOW,12/12/1912
281,Louis,Perry,31,Ebuha Trail,Limcezu,MD,65761,$6.65,GREEN,04/28/1920
282,Noah,Jenkins,35,Izeviw Point,Ribumaf,OR,75127,$227.94,RED,10/02/2068
283,Clayton,Summers,39,Ejotom Key,Junowo,AK,63180,$1051.76,BLUE,03/31/1957
284,Jeffery,Graves,20,Lido Path,Ditader,GA,30167,$6000.92,YELLOW,03/30/2058
285,Marian,Waters,37,Uhavu Grove,Oljaiwe,UT,74633,$5744.64,GREEN,03/27/1960
286,Ivan,Wilkins,48,Menkat Park,Pefuze,NH,11021,$778.72,GREEN,03/31/2049
287,Cody,Norton,60,Irbo Pass,Nuivtuc,WV,33344,$3113.82,BLUE,05/17/1947
288,Rose,Daniel,46,Beka Pass,Bolajda,HI,79648,$6982.37,YELLOW,09/16/2035
289,Steve,Burgess,31,Modmem Terrace,Hockabbut,ND,33317,$5818.82,YELLOW,05/26/1976
290,Rena,Martin,21,Deseli Way,Pawguloh,LA,74470,$5524.99,RED,02/26/2046
291,Aaron,Barber,25,Icbus Avenue,Koepmed,DC,30688,$2904.36,GREEN,07/26/1914
292,Eleanor,McDonald,61,Dehubu Park,Fovrimad,PA,41773,$8667.48,BLUE,06/25/2035
293,Rosalie,Schmidt,43,Dica Trail,Ejpake,LA,27151,$5879.90,RED,12/08/1959
294,Clarence,Greene,51,Pafoz Lane,Jakwapi,MN,35048,$1884.03,RED,07/04/1914
295,Anthony,Maldonado,48,Veome Boulevard,Peliani,IA,93951,$8494.77,WHITE,10/21/2063
296,Alejandro,Horton,23,Kaac River,Picibfam,WY,85597,$1091.26,GREEN,02/11/1922
297,Milton,Reynolds,37,Ozaebi Plaza,Vaduta,MO,47263,$7120.98,BLUE,11/05/1926
298,Lulu,Roberts,61,Meba Pike,Liirpiz,OH,57885,$2076.28,GREEN,07/03/2022
299,Fanny,Gregory,58,Idrem Pass,Tegsazsil,VA,97473,$3340.43,WHITE,08/31/2011
300,Sara,James,43,Luki Court,Gucuak,NV,08767,$5334.99,BLUE,06/03/1903
301,Tommy,Baldwin,18,Tuod Path,Hilibbe,AR,18008,$7215.12,RED,04/16/1917
302,Barry,Parsons,27,Kuzo Heights,Ubnirri,NE,64317,$3648.10,YELLOW,10/22/2007
303,Nina,Shaw,31,Rahu Drive,Tofpeni,ND,88058,$2283.07,BLUE,01/05/2023
304,Myrtie,Williamson,22,Jojto Point,Rajmetjad,NY,51328,$9352.10,WHITE,01/07/1933
305,Cecelia,Figueroa,31,Hope Boulevard,Upmorne,KY,67699,$168.62,YELLOW,05/31/2051
306,Elizabeth,Harper,20,Banek Manor,Kiguzfil,NM,86683,$1523.17,YELLOW,12/06/1919
307,Lloyd,West,38,Fezgo Manor,Ajuluuve,NV,86573,$2439.47,BLUE,10/30/1971
308,Polly,Cummings,39,Pajahi Road,Nikoconu,NY,07491,$539.72,YELLOW,05/29/1913
309,Phoebe,King,37,Esigi Boulevard,Logfetpuk,OH,38320,$5953.21,YELLOW,07/13/2008
310,Isabel,Romero,26,Jerhu Mill,Wojapur,KS,58602,$8434.16,BLUE,03/26/2056
311,Randy,Mann,42,Beira Point,Tohutdu,MI,68119,$202.80,BLUE,11/19/1987
312,Kevin,Dixon,65,Cirpa Plaza,Peddiviz,TX,37674,$9737.34,WHITE,12/03/1949
313,Shane,Obrien,26,Ahus Street,Ejobufbe,CA,13640,$1108.48,GREEN,03/02/1964
314,Beatrice,Lee,22,Umcan Park,Bopreco,PA,23883,$781.76,YELLOW,11/10/2046
315,Millie,Rhodes,36,Zejwar Road,Ebrilmu,NM,78111,$7279.12,RED,06/06/1980
316,Maria,Roberson,52,Pibbe Terrace,Ebihabuzo,CT,01075,$6177.68,BLUE,10/13/2040
317,Jane,Bishop,43,Budre Path,Ofogapip,SD,54681,$487.12,RED,06/23/2054
318,Russell,Freeman,57,Hebi Pike,Afinfe,AZ,43327,$3793.07,RED,01/30/1950
319,Teresa,White,60,Tuizo Highway,Becivuz,HI,59563,$6782.14,GREEN,01/12/2000
320,Mattie,Thornton,41,Tevje Court,Codneunu,RI,14567,$8949.51,GREEN,02/22/1963
321,Jerome,McCormick,59,Athaj Court,Efpaowa,NM,44455,$2093.86,RED,03/04/1984
322,Steven,Campbell,56,Gewwem Manor,Sifzithi,MO,74943,$3285.59,WHITE,04/29/1924
323,Jayden,Richardson,62,Kanbi Street,Ebevgab,NJ,20660,$2284.50,RED,02/21/2036
324,Jordan,Ortiz,37,Wewuv Street,Tujniwe,DE,23844,$2997.31,GREEN,10/23/1998
325,Adrian,Harvey,25,Merfos Junction,Famwoweh,TN,44466,$7040.68,YELLOW,01/26/2027
326,Jeffery,Sutton,53,Ehho Boulevard,Sasjumek,CA,93231,$7779.20,BLUE,07/20/1907
327,Bobby,Dixon,50,Allet Center,Miwdukga,LA,03883,$5253.12,BLUE,11/22/1985
328,Laura,McLaughlin,28,Hubo Point,Zuamki,DE,87082,$9700.23,WHITE,11/23/1987
329,Harriet,Cortez,26,Zojok Pike,Lihlerife,MS,11989,$6859.31,BLUE,09/23/2008
330,Jimmy,Dennis,18,Kosi Junction,Maimeduz,KS,58274,$2055.69,RED,12/11/1950
331,Mable,Guerrero,29,Cudovi Highway,Fotsees,VT,70458,$4777.47,GREEN,06/22/1981
332,Julian,Hanson,52,Wenze Park,Iceribho,MI,89034,$6752.65,GREEN,11/26/1995
333,Abbie,Kim,35,Hasa Square,Ogavajgu,NH,25408,$3906.98,RED,09/04/1986
334,Ada,Murray,36,Uwsiv Boulevard,Vazodofok,MA,98878,$7444.14,WHITE,02/22/2006
335,Maggie,Hubbard,60,Jouwe Boulevard,Gijapir,FL,76220,$989.65,WHITE,09/28/1995
336,Hannah,Tucker,61,Wevak Terrace,Bigmite,MS,25372,$2169.88,WHITE,04/04/2063
337,Edgar,Dean,31,Zuuh Pike,Topnece,GA,25064,$5081.11,YELLOW,08/13/1986
338,Maude,Valdez,37,Utehin Path,Wumiof,WI,78482,$5657.25,GREEN,10/31/1981
339,Violet,Clarke,23,Nohbe Trail,Berwefge,SC,90867,$4218.95,GREEN,05/14/1982
340,Alex,Newman,62,Guiji Terrace,Rurhesgeh,NH,12972,$6990.72,BLUE,01/26/1907
341,Brian,Butler,50,Jeddez Extension,Dovkagga,DC,01706,$1685.33,WHITE,12/02/1927
342,Lora,Curry,51,Novwem Street,Neloibu,UT,56968,$8868.01,WHITE,04/23/1980
343,Brian,Reeves,42,Doduwo Circle,Onisici,WA,35090,$6342.11,WHITE,10/06/1942
344,Eunice,Dixon,26,Aminot Park,Ewuzuvga,MD,76034,$5757.71,WHITE,09/28/2047
345,Martin,White,50,Urhez Grove,Huribew,NJ,71699,$7770.83,RED,05/22/1946
346,Brent,Lawrence,38,Zacre Pass,Zuzivgar,ID,44772,$3942.71,GREEN,01/16/1975
347,Myrtle,Alvarez,56,Zotuk Plaza,Hitutvij,NE,70683,$2308.13,WHITE,02/12/1934
348,Della,Russell,46,Zuljez Extension,Icihoregu,KY,91394,$6859.57,RED,03/10/2052
349,Floyd,Boone,60,Roza Junction,Hutzippih,IL,77548,$6158.15,GREEN,05/01/1998
350,Katherine,Briggs,28,Kowem Plaza,Rojfisoza,NH,68514,$6200.79,GREEN,07/02/1948
351,Ronnie,Perry,28,Oceapo Mill,Vumubig,MO,41423,$5640.01,YELLOW,05/11/1946
352,Annie,Hall,48,Odnih Drive,Gerfotu,OK,03750,$9475.49,BLUE,12/27/1987
353,Janie,Saunders,37,Palji Plaza,Gibusrad,UT,46649,$9955.15,YELLOW,02/20/2007
354,Dora,Wells,34,Asgo Parkway,Piclekiv,TN,59833,$811.15,YELLOW,03/12/1934
355,Luke,Miles,21,Nejmuz Trail,Ligojsa,IA,25198,$4413.88,GREEN,07/02/1970
356,Micheal,Tyler,36,Widdih Road,Mahoka,TN,60235,$517.73,YELLOW,12/19/1956
357,William,Robinson,42,Zimo View,Icdatat,LA,66148,$4620.51,BLUE,09/19/1919
358,Jacob,Bishop,50,Huhdig Pike,Nebuol,MD,63821,$3736.37,WHITE,08/14/1910
359,Christina,Mullins,65,Lidgih Lane,Ifvocad,NE,60163,$1331.57,GREEN,03/23/1910
360,Estella,McBride,38,Opdud Extension,Teimcu,OK,56955,$242.22,YELLOW,04/07/1912
361,Estelle,Gregory,54,Hamu Court,Cusisise,PA,36023,$2993.87,GREEN,06/19/2009
362,Barry,Ramsey,53,Vidvim Point,Urbeju,VT,00911,$6438.58,YELLOW,09/01/1982
363,Alexander,Berry,29,Male Glen,Riagirep,MO,11994,$5622.80,BLUE,04/02/2047
364,Kyle,Crawford,60,Ezfeb Parkway,Basopja,VA,67124,$3245.46,BLUE,01/11/2046
365,Emily,Barnett,61,Oderat Lane,Relotuze,SD,20047,$1555.06,GREEN,07/03/2003
366,Isaac,Robinson,37,Nutbe Key,Idemupcu,VT,70280,$365.69,GREEN,09/23/1961
367,Jose,McKinney,45,Zoge Court,Nodihhic,WA,42905,$6104.78,GREEN,08/02/1967
368,Earl,Moreno,24,Fuvju Manor,Nozilore,PA,53847,$9129.70,WHITE,12/30/1933
369,Mabelle,Aguilar,34,Dushup Place,Enwabwof,IN,66783,$4538.09,BLUE,10/26/2046
370,Victor,Bowen,22,Loja Manor,Diwutgek,WY,85895,$6146.15,WHITE,12/07/2064
371,Logan,Moss,33,Pigka Lane,Cairefin,TN,94479,$3586.39,WHITE,04/06/1935
372,Agnes,Copeland,19,Ahite Lane,Giekeg,AK,32821,$9372.29,WHITE,07/16/1997
373,Delia,Shelton,24,Rogmo Pass,Walpevca,OR,07415,$2393.20,YELLOW,04/17/1979
374,Juan,Hogan,46,Tulfec Boulevard,Asubuku,TN,22265,$8035.05,BLUE,03/07/2035
375,Ronnie,Crawford,56,Owsad Key,Dafbobge,WY,72153,$381.06,WHITE,10/30/1963
376,Peter,Thompson,28,Wucri Mill,Ocaebeji,AL,51241,$9754.71,YELLOW,07/15/1980
377,Lola,Cunningham,43,Vefka Ridge,Wajmusis,IL,01196,$4004.60,GREEN,01/07/2061
378,Rosetta,McGee,43,Kadmi Pike,Ugikike,CT,71675,$8245.27,GREEN,02/22/2019
379,Lloyd,Fields,23,Pejbu Court,Zidace,MD,01223,$1716.88,BLUE,03/12/1980
380,Ronald,Wade,27,Uwec Trail,Ursodla,AK,82922,$5337.67,BLUE,01/18/1978
381,Jerry,Bradley,24,Bito Drive,Rikewil,VA,42178,$8255.58,RED,11/13/1996
382,Lee,Maxwell,28,Okwa Terrace,Vaofaka,NC,60515,$1713.01,BLUE,11/11/1911
383,Helen,Love,47,Mivuv Avenue,Avicowu,NM,64758,$7668.69,YELLOW,02/22/2020
384,Lula,Curtis,33,Zaccez Court,Gevacsew,IA,31600,$1437.40,BLUE,09/18/2059
385,Chester,Baldwin,55,Luwa Manor,Daoteucu,TX,57485,$2666.39,RED,02/03/2064
386,Clifford,Tate,33,Egaso Court,Hizluntu,NH,52487,$1523.82,WHITE,12/02/1967
387,Millie,Hunter,54,Faforu Plaza,Gebuluf,SD,28979,$9266.16,BLUE,09/29/1973
388,Alberta,Thompson,59,Siljef Drive,Kikramah,OR,02911,$3629.81,RED,02/06/1987
389,George,Hoffman,45,Hehlo Place,Banuceh,VA,75738,$4079.78,GREEN,09/29/1959
390,Derek,Murray,30,Gofo Highway,Beepgaw,AZ,53606,$8337.89,RED,12/10/2000
391,Eugenia,Wong,24,Mezra Square,Nivunaw,KY,96315,$1321.48,GREEN,01/09/1923
392,Laura,Pittman,35,Elowi Street,Sukimlug,DC,69420,$4688.58,YELLOW,01/09/1962
393,Ian,Harper,60,Racdap Terrace,Vujius,NJ,62350,$473.61,GREEN,12/11/2035
394,Vera,Reid,58,Udhem Glen,Jovilfu,PA,16068,$2349.07,BLUE,09/29/1937
395,Bess,Romero,56,Ahoziz View,Kedteffi,DC,18917,$5576.97,YELLOW,07/12/1924
396,Catherine,Flowers,42,Kiole Extension,Olokezca,UT,38126,$9956.79,RED,12/03/1906
397,Kathryn,Barrett,57,Capu Lane,Ekgozde,IN,73036,$5447.98,BLUE,08/03/2048
398,Mabel,Holt,25,Finoh Road,Jajnozbo,DE,01663,$4255.66,BLUE,01/07/2000
399,Jared,Griffith,20,Gerut Ridge,Embiev,FL,58566,$9671.98,GREEN,12/12/2036
400,Carolyn,George,65,Ziaho Way,Pesosu,WA,23265,$8767.50,WHITE,08/11/1933
401,Leila,Bowman,52,Guep Square,Etehisbuc,WI,56035,$3883.12,GREEN,12/03/1910
402,Loretta,Barton,52,Kuju Center,Ugareso,WV,51393,$3111.13,YELLOW,09/09/2047
403,Carlos,Jefferson,22,Biabo River,Ikiunaah,KY,33902,$903.78,RED,09/26/1909
404,Troy,James,62,Itpo Plaza,Satlufwo,ID,07807,$2232.49,BLUE,05/12/2001
405,Cordelia,Gordon,56,Vabza Turnpike,Idohroz,IA,83614,$2338.28,RED,07/18/2002
406,Edward,Long,23,Rapwen Road,Nijfaun,ND,75896,$1231.31,BLUE,12/15/1979
407,Katherine,Brooks,64,Fucguc Place,Uhekeeb,MD,66879,$899.07,BLUE,03/08/1934
408,Peter,Beck,20,Olofaf Drive,Olabazzi,NE,37897,$3571.65,BLUE,09/30/1986
409,Bertha,Lewis,55,Ekowom View,Ikuwice,NH,68003,$4047.57,BLUE,07/18/1921
410,Cameron,Howell,48,Beun River,Linrajla,KY,11317,$710.77,BLUE,06/27/2070
411,Gavin,Brown,22,Neni Parkway,Mebuvarit,MT,69104,$3812.36,RED,02/19/2017
412,Ellen,West,25,Ikmub River,Mijrivpof,WV,87679,$7108.46,WHITE,09/11/1998
413,Minnie,Lindsey,32,Pani Ridge,Fejake,DE,19157,$7168.09,BLUE,08/20/2000
414,Ian,Gordon,37,Uhhu View,Pifpeje,AK,61245,$9032.27,RED,12/07/1951
415,Eunice,Erickson,43,Asoben Way,Zirorjaw,MS,24223,$2239.34,RED,11/16/2054
416,Steve,Payne,55,Otegaz Road,Vutozfis,ND,00791,$800.51,WHITE,04/08/2002
417,Walter,Hamilton,40,Modpe Street,Jefevmen,IN,14636,$5299.13,BLUE,08/19/2031
418,Manuel,Kennedy,30,Bekga Drive,Tiwuma,NC,08741,$1254.36,WHITE,11/19/2030
419,Lizzie,Curtis,64,Fomoc Terrace,Izconowu,NM,75391,$2233.94,BLUE,11/09/2066
420,Charlotte,Jensen,55,Jejfic Extension,Lalamiuhu,NC,14381,$2.51,WHITE,01/24/1979
421,Carlos,Parker,65,Mirve Trail,Wujoih,NC,71642,$1528.98,BLUE,05/18/1966
422,Mitchell,Cooper,29,Hubbu Junction,Kotiduvin,NE,70873,$9040.92,RED,02/01/2024
423,Ella,Campbell,49,Doco Loop,Ocuegoti,AL,28996,$297.19,WHITE,08/29/1907
424,Ernest,Townsend,42,Gaogu Boulevard,Vokobca,NV,84208,$1824.97,WHITE,09/03/2021
425,Gregory,Holmes,26,Benu Extension,Wivatfo,AK,25331,$766.63,WHITE,01/07/2007
426,Laura,Lawson,40,Foimu Road,Lichipfeb,AK,88540,$539.63,BLUE,11/01/2027
427,Dale,Hughes,44,Zorwav Grove,Tekireg,WA,01048,$3521.90,GREEN,10/10/1957
428,Maurice,Martinez,23,Elbi Plaza,Rogkidgoz,IA,14252,$1466.32,YELLOW,06/20/2014
429,Jean,Sutton,30,Fura Plaza,Irkanot,MD,02959,$948.02,YELLOW,02/20/1933
430,Jeremiah,Reeves,48,Sehozo Loop,Waibewi,TX,99835,$7559.43,RED,10/04/2038
431,Abbie,Clayton,63,Bata Park,Bifnofse,NV,21705,$4163.95,RED,06/06/1913
432,Dylan,Soto,30,Lahi Drive,Secima,OK,77533,$5609.90,BLUE,03/30/2043
433,Vernon,Weber,44,Liru Terrace,Afacilba,MD,43078,$7113.74,GREEN,10/04/1978
434,Phillip,Simmons,55,Joazo Point,Cuhpevad,OK,83753,$9958.42,GREEN,02/10/2038
435,Nannie,Nichols,42,Zates Ridge,Sudapfig,UT,86842,$5237.50,RED,12/10/1952
436,Sean,Jacobs,26,Cewna View,Bodtofo,ME,69907,$7221.48,YELLOW,04/03/1974
437,Brett,McGee,54,Cegubo Pass,Damjikac,ND,87617,$7201.28,YELLOW,01/26/2043
438,Dylan,Green,44,Jonsel Turnpike,Zafrinub,NM,79634,$1182.22,GREEN,11/20/1916
439,Estelle,Adkins,28,Adaiv Extension,Sidarele,NM,22926,$6007.15,RED,12/27/2038
440,Lina,Watson,47,Puhdul Boulevard,Jocsilu,GA,30530,$1956.04,GREEN,09/23/1987
441,Brian,Jacobs,37,Bazmu Center,Ijraaw,ID,02022,$760.49,WHITE,02/23/2011
442,Julia,Peters,29,Dura Terrace,Keituciw,KS,74568,$8955.22,BLUE,03/20/1997
443,Julian,Silva,43,Guvvom River,Nulimvu,AZ,83037,$4506.24,RED,06/11/1930
444,Vincent,Curtis,61,Kuwak Lane,Cuvnoklil,NJ,27317,$6022.00,YELLOW,08/08/1939
445,Maria,Weaver,40,Zurbe Junction,Ebareva,OK,37684,$270.49,RED,02/03/1950
446,Peter,Jennings,48,Gojvis Court,Sivissaz,SC,33966,$5095.27,BLUE,07/21/2020
447,Lucille,Hansen,22,Wilud Pike,Ubukodsun,UT,21937,$820.25,YELLOW,12/22/2050
448,Virgie,Hawkins,27,Zazdi Highway,Uhozoas,MI,12342,$6452.52,WHITE,05/02/1917
449,Danny,Myers,45,Icoza Ridge,Rorihzor,CA,83050,$2475.86,BLUE,01/02/2064
450,Vernon,Tran,64,Diico Avenue,Nesrunata,CA,36395,$1757.89,BLUE,08/10/2066
451,Erik,Todd,24,Soore Park,Facsuja,SC,53666,$4258.53,RED,01/07/1906
452,Leo,Gill,27,Dekca Key,Dibofaw,IA,39104,$9868.49,WHITE,01/22/1992
453,Hattie,Schultz,32,Azle Junction,Kujpafij,NH,19972,$6335.24,GREEN,09/25/1928
454,Josie,Tyler,36,Tota Plaza,Carapge,TN,21285,$5155.72,GREEN,09/15/1959
455,Mattie,Fowler,47,Lorkuj Park,Nunajmug,ME,93458,$7137.18,WHITE,11/06/2034
456,Augusta,Adams,32,Wabah Road,Bapcuoh,NJ,46523,$308.54,BLUE,05/04/2035
457,Adam,Buchanan,25,Huage Loop,Reodize,NE,21535,$2119.14,WHITE,09/28/1939
458,Addie,Henderson,32,Wupmef Turnpike,Pucdurob,NE,64804,$3076.99,YELLOW,07/23/2006
459,Sallie,Hernandez,43,Asaad Path,Vebpoco,CT,53586,$4251.91,YELLOW,03/08/1911
460,Florence,Romero,54,Nejej Extension,Wakicehev,AL,32428,$862.09,YELLOW,10/20/1909
461,Darrell,Saunders,29,Efiez Glen,Kiwpusses,AK,01345,$4851.29,WHITE,03/15/1950
462,Dorothy,Gordon,44,Bofwib Lane,Cohezho,WY,17648,$690.65,RED,08/03/1908
463,Elsie,Kennedy,46,Lanev Junction,Lerjaen,ND,94606,$3185.47,BLUE,01/16/1948
464,Bertha,Roberts,29,Hejrof Glen,Wiftagdo,OH,51138,$4526.04,YELLOW,06/09/2026
465,Phillip,Torres,54,Opri Terrace,Doinzo,TN,23663,$5001.24,WHITE,01/15/1986
466,Katie,Craig,49,Hezu Ridge,Gogapba,VA,05398,$6187.94,BLUE,12/05/1971
467,Mason,Ortega,35,Nuuv Parkway,Parubujot,CO,31677,$616.12,RED,07/24/1900
468,Bernard,Castillo,26,Hohe Terrace,Ciawho,NE,46518,$5659.43,GREEN,12/14/2035
469,Janie,Reese,62,Urokap View,Locuawo,AK,19826,$6213.74,BLUE,11/10/1965
470,Amanda,Clayton,63,Usig Circle,Madriez,VT,81079,$9411.01,RED,03/29/1927
471,Max,Ruiz,60,Copi View,Unejsol,TX,79590,$1891.45,WHITE,09/14/1983
472,Irene,Wood,20,Atuesa Boulevard,Fumiza,UT,99910,$1451.14,RED,08/14/2014
473,Katie,Myers,46,Avojeg Extension,Sokosnam,TX,21717,$8775.40,WHITE,03/04/1952
474,Hulda,Russell,59,Biwcu Turnpike,Kelagugeg,IA,45657,$3144.81,GREEN,03/11/1924
475,Chris,Holloway,41,Kozec Turnpike,Mupjisbik,IN,36162,$5748.96,BLUE,11/05/1918
476,Kathryn,Underwood,39,Viol River,Nufigsiz,GA,78594,$8003.45,BLUE,10/08/1917
477,Amelia,McGee,41,Tekru Court,Ohavicle,AZ,52776,$7630.57,BLUE,09/09/1955
478,Ralph,McCoy,18,Makwo Ridge,Witumbec,ME,92987,$6680.92,GREEN,10/20/1978
479,Adelaide,McCarthy,38,Cuhve Terrace,Hegepo,NY,01713,$5166.21,BLUE,10/23/1969
480,Noah,Pierce,44,Dijzal View,Getifdow,MO,03272,$5707.43,YELLOW,01/22/1941
481,Duane,Ball,35,Ewfa Circle,Webivi,MD,70474,$9688.33,YELLOW,06/07/2023
482,Nelle,Cook,54,Zevor Parkway,Morufe,ME,56044,$3646.11,YELLOW,02/01/2017
483,Timothy,Miller,42,Kopu Street,Gaimor,WA,73758,$3221.12,GREEN,07/17/1998
484,Linnie,Gordon,47,Lafjo Park,Tulalo,OR,49970,$5913.41,WHITE,06/04/2053
485,Mario,Lane,54,Habwa Ridge,Riwsuumu,NM,36731,$907.96,GREEN,03/16/2002
486,Loretta,Lawrence,32,Evudu Pike,Verupro,AR,74257,$8046.69,WHITE,10/16/1940
487,Lucinda,Norman,63,Samto Boulevard,Hijaaki,MN,56172,$9569.17,GREEN,02/01/2068
488,Martin,Pena,38,Edesa Way,Fuhbeha,NM,84912,$3634.79,GREEN,02/03/1959
489,Charlie,Howard,58,Vimu Avenue,Cawoja,PA,76910,$7928.24,BLUE,12/22/1971
490,Adam,Roberts,44,Effo Manor,Neuduac,IL,21277,$9053.44,BLUE,09/13/2022
491,Betty,Fernandez,58,Copuso Drive,Avloij,ME,87319,$8111.07,RED,09/22/1914
492,Eunice,Fleming,44,Ebzod Plaza,Ahocje,DE,23660,$2427.69,RED,11/28/2006
493,Roxie,Andrews,64,Veki Lane,Vuhkelsu,FL,37184,$700.47,WHITE,01/22/2041
494,Alejandro,Herrera,50,Owgit Pike,Toacpaf,WV,35958,$4627.37,WHITE,11/15/1928
495,Violet,Goodwin,64,Gajbe Grove,Sogpahu,FL,04450,$7116.53,GREEN,04/18/2064
496,Edward,Cruz,40,Ebhuk Turnpike,Wadawejo,MA,38924,$4904.68,BLUE,02/06/1938
497,Minnie,McCormick,24,Adamo Boulevard,Olihewu,AL,35934,$8481.77,BLUE,03/04/2002
498,Garrett,Garner,33,Cozif Boulevard,Tozfajvi,WA,15031,$3833.70,GREEN,03/26/1999
499,Lydia,Willis,51,Nusne Junction,Lamukki,HI,43922,$4466.82,BLUE,12/14/1942
500,Allen,Zimmerman,57,Tora Center,Puvugje,CT,17092,$4680.60,YELLOW,03/13/1989
501,Walter,Newman,48,Woew Plaza,Zutbinne,SC,97023,$4727.15,WHITE,07/07/2037
502,Marguerite,Collier,28,Nuen Ridge,Muzevew,MA,99391,$5477.24,GREEN,10/17/1986
503,Luke,Andrews,28,Wilo Place,Gasivsom,IA,76946,$8667.41,YELLOW,02/13/1945
504,Cody,Jordan,58,Imava Loop,Ekebeop,CO,29442,$8505.33,YELLOW,02/28/1900
505,Warren,Doyle,56,Tuku Street,Koruleti,VA,73283,$3628.30,WHITE,10/31/1904
506,Don,Knight,26,Kibep Ridge,Uhelifo,OH,69245,$1994.30,RED,06/12/1929
507,Irene,Cook,64,Wure Park,Wukahoz,KS,14451,$7243.49,GREEN,10/10/1920
508,Leonard,Castillo,25,Ojge Parkway,Noptewi,AZ,27561,$5956.51,YELLOW,12/17/1942
509,Lora,Patterson,58,Haev Junction,Foawes,DC,77078,$1135.79,RED,09/03/2046
510,Derrick,Watson,32,Sovwo Drive,Gepmarher,SD,02930,$7003.40,RED,05/11/1954
511,Madge,Copeland,41,Lowsoz Circle,Rabotoma,TN,56667,$6417.26,YELLOW,03/26/2050
512,Stephen,Crawford,20,Dismi Parkway,Tuhjalos,NE,18264,$7033.07,GREEN,03/15/2070
513,Mattie,Perry,65,Iruzep Square,Asulamob,WA,27094,$4687.22,WHITE,07/11/2049
514,Marcus,Townsend,30,Bavre Way,Hawmahhi,WV,18701,$7045.45,YELLOW,04/15/2063
515,Francis,Brown,44,Zepin View,Wencacji,WV,76893,$9969.59,GREEN,01/30/1902
516,Cynthia,Bryant,60,Bugu Street,Lawwezo,AK,94943,$6309.75,YELLOW,12/30/1936
517,Henrietta,Moreno,45,Cemmuh Extension,Wastegaw,ID,17421,$7358.15,WHITE,07/15/1999
518,Russell,Burton,24,Rovvin Avenue,Folrotil,SD,99496,$4460.87,YELLOW,01/06/2005
519,Eddie,Schneider,31,Ridhun Point,Alizni,CA,73908,$3096.92,GREEN,01/13/2018
520,Antonio,Bennett,56,Egoji Junction,Woramje,MT,13336,$7540.35,YELLOW,07/18/1918
521,Bruce,Parker,30,Icoka Pike,Iwegogke,TN,92380,$8999.94,GREEN,11/27/1956
522,Arthur,Saunders,38,Jejab Pike,Fobomet,UT,58796,$7432.12,YELLOW,01/04/1909
523,Jack,Guerrero,20,Efkem Loop,Kosfophaj,ID,44105,$2213.52,RED,09/17/1993
524,Sean,Long,20,Veozo Drive,Awforbid,IL,78825,$6438.47,YELLOW,04/30/1915
525,Luke,French,43,Levi Boulevard,Erkufen,IN,77807,$3579.11,YELLOW,05/19/1996
526,Lily,Lucas,50,Azijud Path,Modnaubu,AZ,83498,$7164.44,YELLOW,09/18/1965
527,Stephen,Hicks,62,Avaj Junction,Vuhzedu,GA,72122,$36.20,RED,12/20/1916
528,Lulu,Hall,35,Guno View,Hivjetba,MI,88413,$4707.24,RED,07/06/1970
529,Calvin,Holland,55,Ruve Place,Lagenco,NJ,13505,$1867.60,YELLOW,01/03/1905
530,Noah,Reese,63,Kevu Mill,Kagotzi,WV,37201,$8242.05,BLUE,08/27/1984
531,Louise,Mann,41,Ubpec Pass,Pattese,AZ,86210,$4020.17,RED,01/26/1965
532,Alberta,Tucker,37,Bahwi Highway,Giftasjon,MD,75884,$8592.44,RED,03/23/1998
533,Eleanor,Freeman,50,Ucato Way,Olilaup,UT,73189,$9326.65,BLUE,07/30/2022
534,Hettie,Phelps,19,Cicjor Road,Koswawe,NY,10914,$2650.98,BLUE,01/16/1963
535,Lewis,Lloyd,63,Hehu River,Vukise,TN,04435,$470.46,RED,09/02/1946
536,Susan,Ramsey,23,Ijno Center,Pichohaba,NV,00745,$9632.09,BLUE,05/22/2054
537,Brent,Wilson,23,Jenwod Turnpike,Tatefe,FL,76493,$4382.69,RED,11/20/2000
538,Blake,Moran,40,Garuc Plaza,Sinrevov,RI,41573,$97.73,BLUE,01/14/1919
539,Andre,Howell,32,Azzun Road,Kozusud,GA,27441,$3060.74,RED,12/14/2027
540,Alvin,Joseph,54,Leko Junction,Acewuknu,MD,25241,$8174.50,GREEN,09/07/1922
541,Elnora,Jefferson,22,Ulfuc Center,Cuziwep,TX,36577,$5276.81,RED,07/21/1962
542,Beatrice,Neal,45,Emkur Ridge,Bonhigod,CT,65726,$6640.76,RED,03/08/2011
543,Gilbert,Carter,36,Fepe Highway,Ceraves,AZ,26244,$1327.99,YELLOW,10/12/1976
544,Bessie,Moran,40,Jecik Heights,Ojojujwen,DE,59694,$6379.36,GREEN,03/25/2066
545,Sean,Roberson,22,Rardas Key,Cigefuv,OR,15953,$3099.71,RED,07/12/1934
546,Ellen,Davis,52,Azoana Terrace,Sizpedo,KY,81223,$5439.18,YELLOW,03/12/1978
547,Antonio,Ramirez,39,Bolo Manor,Pazurowir,IN,49297,$6872.35,YELLOW,05/31/2025
548,Fannie,Fleming,61,Geffiv Trail,Nacucbaz,FL,34223,$9719.85,RED,05/01/1937
549,Bryan,Edwards,36,Toep Key,Zuatuge,KS,74107,$682.95,GREEN,11/03/1937
550,Shane,Underwood,42,Toca Park,Etneis,VT,98302,$6762.91,RED,01/01/1955
551,Birdie,Daniels,47,Lace Road,Imiavpe,NJ,98254,$2104.35,RED,12/01/1986
552,Landon,Briggs,21,Guca River,Uzibahkoh,RI,93012,$3258.60,YELLOW,05/12/1910
553,Adrian,Hayes,59,Covji Heights,Azritmep,CO,61119,$7211.25,GREEN,05/11/1938
554,Lester,Thornton,20,Vuit Center,Voduohi,IL,32532,$3699.74,BLUE,10/25/2041
555,Mattie,Tucker,23,Reel Mill,Epigemha,PA,31684,$5701.04,RED,10/15/2025
556,Fannie,Logan,61,Dacus Center,Elfeta,IN,65317,$8961.08,GREEN,09/11/2031
557,Allen,Hughes,38,Ifodu Terrace,Hoovcoz,RI,81832,$9558.80,GREEN,08/20/1978
558,Dollie,Barnett,37,Habi Key,Rufawov,NJ,26592,$6068.01,YELLOW,01/03/1931
559,Olga,Banks,34,Zosada View,Tutovgut,OK,92987,$1783.83,YELLOW,08/28/2067
560,Jennie,Houston,44,Veaza Key,Wilfapnu,IL,57592,$1282.28,YELLOW,05/19/1969
561,Jimmy,Cruz,42,Joklop Heights,Tojutiru,DE,61270,$3887.00,WHITE,04/09/2019
562,Peter,Ferguson,49,Zeal Circle,Wusocow,FL,82394,$7351.93,YELLOW,06/05/2042
563,Nelle,Gardner,29,Vuov Boulevard,Loftewiv,WI,54604,$5997.24,YELLOW,11/06/2003
564,Estella,Sanchez,56,Vutab Court,Hizeri,SC,09433,$9818.07,BLUE,05/14/2047
565,Clyde,Carlson,39,Unvi Junction,Zawdegnap,DC,28511,$7907.51,WHITE,02/20/1918
566,Lucas,Ruiz,55,Kaculu Place,Sobzaro,HI,76108,$702.65,BLUE,07/15/1953
567,Christian,Rodriquez,39,Lezvab Junction,Fogiema,ME,23081,$8734.67,BLUE,04/14/1931
568,Miguel,Cunningham,35,Mumsod Avenue,Repimtik,HI,20316,$1611.52,YELLOW,04/16/2062
569,Cora,Mendoza,25,Ferri Center,Luwahib,VT,04895,$9632.62,YELLOW,05/17/1991
570,Iva,Hodges,19,Dulva Extension,Efrohuw,MT,13439,$8940.81,WHITE,03/28/1974
571,Winifred,Lambert,39,Jeslo Place,Canjocu,SC,49659,$6298.18,BLUE,03/19/1906
572,Travis,Garrett,49,Pilvo Pike,Wucwusev,WI,31217,$5140.50,GREEN,01/11/1932
573,Oscar,Jones,47,Redba Pike,Athuheh,RI,42116,$448.74,YELLOW,11/15/2061
574,Gregory,Beck,41,Uprej Turnpike,Ratehrit,AL,57296,$7120.52,YELLOW,07/06/1907
575,Bertha,Dean,39,Coizu Lane,Galtacbo,GA,78231,$5628.47,WHITE,10/28/2011
576,Harold,Porter,48,Cobul Place,Goible,UT,41527,$8853.25,BLUE,07/04/1971
577,Adrian,Matthews,35,Sawus Manor,Juccuwu,WA,58147,$2242.70,RED,02/15/2055
578,Isabelle,Willis,44,Okesuc Trail,Zohrunoje,DE,19900,$2154.79,BLUE,01/14/2038
579,Violet,Collier,49,Olujo Avenue,Gifrahta,OH,73424,$3217.32,BLUE,11/08/2061
580,Phoebe,Payne,18,Cifdoj Road,Nagupep,WA,83456,$5052.33,WHITE,02/13/1989
581,Ricky,Walsh,30,Esiome Pike,Kazagamu,ID,55683,$3801.80,GREEN,01/04/2044
582,Jacob,Figueroa,35,Hejoje Junction,Hehuhwa,HI,40889,$9019.54,YELLOW,05/17/2042
583,Vernon,Lawson,61,Alsa Grove,Dapetave,WA,71417,$8317.35,RED,06/14/1980
584,Jesus,Cole,23,Upojoh Park,Gotgahes,WY,19112,$8558.47,BLUE,04/01/2061
585,Kevin,Bass,26,Danu Court,Nometwem,AZ,79722,$6832.60,BLUE,06/04/1956
586,Alberta,Weaver,50,Boza Pass,Umeadaruk,LA,27150,$6050.13,WHITE,10/25/2031
587,Theodore,McGuire,46,Wavok Court,Loifpi,WV,81625,$4111.22,YELLOW,02/14/1935
588,Isaac,Elliott,29,Ufetam Street,Temunoh,DC,16528,$6476.78,WHITE,09/23/2000
589,Cornelia,Alvarez,53,Muzol Avenue,Culhijka,AR,19362,$3701.91,BLUE,01/18/2049
590,Trevor,Ellis,19,Bojuzu Lane,Nikiri,WV,82696,$5217.53,BLUE,01/24/1964
591,Amanda,Robbins,57,Fojvum Pass,Lizahes,NJ,64779,$1302.25,WHITE,12/06/1905
592,Ricky,Gill,20,Woji Road,Kunahim,ID,90043,$5909.49,GREEN,06/28/2000
593,Chad,McDaniel,33,Juile Lane,Iloceceg,HI,50587,$9839.33,WHITE,07/23/1945
594,Chad,Dean,26,Zikuve Key,Ivogiki,WI,02950,$9826.17,BLUE,01/22/1905
595,Violet,Lawrence,55,Beksav Grove,Irnomov,WI,57090,$1830.25,WHITE,02/10/2050
596,Eugene,Schmidt,40,Fipfal Street,Facmojoh,DC,84410,$1780.21,GREEN,10/27/2028
597,Paul,Freeman,45,Bekdeh Grove,Uhicitif,VT,34583,$6105.47,YELLOW,03/28/1998
598,Mayme,Black,59,Towna Terrace,Ozaziudi,NE,40301,$9687.87,WHITE,09/23/1956
599,Jerry,Gomez,40,Pamhad Square,Ehutavne,AR,53312,$9844.73,YELLOW,12/16/1987
600,Derek,Bowman,22,Soak Point,Efaafuni,NM,75343,$6509.72,RED,10/28/2032
601,Catherine,Hodges,28,Biku Plaza,Azegupon,SC,68342,$9158.10,RED,03/03/2031
602,Alexander,Brooks,48,Dena Parkway,Iwizotsu,MD,94327,$4273.33,GREEN,01/05/2030
603,Myrtie,Gilbert,65,Zugfi Square,Ersumo,NM,21366,$1229.09,RED,10/23/1970
604,Lottie,Clayton,40,Oduvam Highway,Lagieja,PA,23681,$301.93,GREEN,12/24/1958
605,Juan,Coleman,52,Upsij Street,Wukkognug,NJ,49944,$2991.81,GREEN,06/27/2002
606,Kevin,Atkins,43,Edbe Key,Ucapuohu,OK,36720,$7004.05,GREEN,02/03/2001
607,Ronnie,Jordan,51,Dufbew Plaza,Retozuno,KY,15329,$7144.07,WHITE,09/09/1989
608,Marguerite,Rodgers,56,Ceno Lane,Tulgeido,MO,53057,$264.66,RED,05/02/2052
609,Craig,Zimmerman,20,Ojgul Square,Akuzefa,IL,77079,$8760.39,WHITE,02/20/1976
610,Inez,Wilkerson,60,Ukenez Boulevard,Ohabuti,SC,98799,$264.83,GREEN,11/11/2018
611,Jerry,Anderson,56,Wilzo Key,Jamette,AR,20369,$310.83,YELLOW,10/21/1937
612,Allen,Morton,24,Foza Road,Obaduwah,AK,58465,$1524.37,YELLOW,10/27/1952
613,Melvin,Silva,50,Ceil Boulevard,Avahokuw,DC,47385,$4328.05,WHITE,01/27/1941
614,Devin,Lyons,55,Rioc Court,Rugalawi,IA,26453,$2969.95,YELLOW,03/26/1991
615,Clara,Thornton,56,Oninep Turnpike,Heavzo,NJ,50079,$289.80,WHITE,11/01/1974
616,Roger,Fletcher,30,Evpo Turnpike,Uhofopdus,KS,60042,$1320.28,RED,05/31/2009
617,Larry,Montgomery,40,Nelon Loop,Mojnidus,OK,79276,$1140.88,BLUE,03/27/1949
618,Jeffery,McKinney,25,Doldac Street,Osaupgek,SD,87475,$6329.67,RED,05/14/1983
619,Nicholas,Reynolds,40,Puoti Boulevard,Ewenahi,CO,57667,$5338.65,WHITE,08/12/1928
620,Leon,Cohen,51,Jimmi Junction,Ilvidbiw,DE,75008,$1487.87,GREEN,02/14/1925
621,Ronnie,Berry,61,Roda Turnpike,Avogolmu,SD,23843,$1956.15,YELLOW,09/29/1951
622,Chase,Barker,24,Nefze Turnpike,Tuhzebwe,OH,12460,$8633.42,GREEN,07/07/1917
623,Dale,Greene,36,Nikfan Grove,Zucormu,NE,46885,$4167.34,WHITE,02/09/1934
624,Antonio,Matthews,50,Ahafo Highway,Tobaciz,FL,52303,$8015.35,RED,05/17/1933
625,Mary,Salazar,40,Jejko Ridge,Wamundar,CA,18659,$1389.84,YELLOW,06/03/2022
626,Mathilda,May,44,Supa Highway,Nammefpov,TN,82458,$9116.16,BLUE,01/27/2031
627,Alfred,Park,47,Efuar Manor,Rapewe,VA,52668,$1230.36,YELLOW,03/08/1993
628,Effie,Reid,31,Hofol Highway,Lonfuceg,SD,80951,$9015.71,RED,02/22/1945
629,Dean,Newman,62,Zeso Path,Usadojen,HI,11238,$5566.29,WHITE,08/04/2012
630,Justin,Jimenez,18,Uscih Extension,Noikgan,AK,64537,$5223.75,YELLOW,02/26/1935
631,Eugenia,Olson,28,Jakipu Point,Udoecuuho,OR,50064,$9114.83,WHITE,07/01/1968
632,Gussie,Bell,38,Virro Road,Lilunaw,TX,28687,$5836.17,RED,01/01/1976
633,Cordelia,Castillo,20,Imni Avenue,Zizgiwco,MA,91817,$340.32,YELLOW,04/13/1932
634,Milton,Carson,25,Lofoz Drive,Ehowowum,AL,23770,$8473.26,RED,02/23/2003
635,Sallie,Bass,30,Vugof Way,Oletgef,OR,04434,$4952.73,RED,04/04/1926
636,Carlos,Byrd,53,Kejgot Avenue,Ujolouhu,HI,16204,$9724.08,RED,12/18/1999
637,Maurice,Little,55,Pupdok Ridge,Uscunmad,TN,43408,$5092.91,RED,03/20/1972
638,Sara,Wilkins,61,Fimlu Turnpike,Dukalu,ND,38835,$3752.86,RED,04/27/2036
639,Millie,Rodriquez,25,Lomric Mill,Fomite,ID,09046,$2753.63,BLUE,03/04/1996
640,Nathaniel,James,60,Iholig Circle,Gukenki,IL,51399,$8952.86,RED,07/27/2011
641,Earl,Ramirez,35,Wecim River,Tapajo,NE,79908,$8317.95,WHITE,04/09/1956
642,Rosetta,Barnes,60,Zozfu River,Gozkakvas,AR,64590,$5228.42,GREEN,01/29/2040
643,Eugene,Underwood,18,Dabvof Court,Tazbutpiz,SC,78973,$5399.90,BLUE,12/28/1996
644,Maurice,Cook,64,Idiwit Parkway,Evifubzo,SC,97651,$5628.27,BLUE,02/28/2059
645,Milton,Barber,44,Gajej Turnpike,Cusuldo,MD,47443,$9877.19,WHITE,12/11/1908
646,Alma,Manning,19,Gaviz Avenue,Focefho,AL,27212,$6604.66,GREEN,10/09/1939
647,Mamie,Rhodes,24,Hilo Square,Fegtuwu,NC,69636,$3906.31,YELLOW,08/07/1964
648,Alex,Pearson,65,Ronre Center,Lunpohepe,ND,92117,$7243.81,YELLOW,11/11/1963
649,Craig,Armstrong,59,Voznim Ridge,Sedunoano,DE,20196,$7752.00,GREEN,08/06/1977
650,Stella,McGuire,23,Katmi Manor,Gatcozute,AR,22474,$7039.16,YELLOW,03/11/2034
651,Pearl,Padilla,22,Eviipo Glen,Necsiccig,KY,53667,$1062.13,YELLOW,08/23/1936
652,Helen,Hogan,24,Newdaf Turnpike,Afanewlad,TN,25460,$1221.73,GREEN,04/10/2007
653,Andre,King,39,Rabus Park,Voacibe,OK,98535,$7943.68,BLUE,06/18/1990
654,Sylvia,Walters,35,Mumod Park,Wiohibud,MT,69218,$3499.78,GREEN,03/07/1965
655,Connor,Scott,51,Guto Road,Lebadzu,OK,27447,$6211.44,WHITE,01/01/2065
656,Marc,Rodriguez,45,Lufusa Trail,Lasfidaz,OR,22917,$8516.58,WHITE,12/13/1930
657,Angel,Munoz,23,Kupwet Drive,Bugbuno,WV,72638,$6918.31,GREEN,01/13/2058
658,Isabelle,Moss,45,Ikbad Center,Ubusabgo,NM,93793,$3346.87,RED,10/16/1924
659,Sophie,Norris,40,Pekim Mill,Luozajup,IA,52944,$99.20,BLUE,05/20/2029
660,Lydia,Tyler,30,Ecma Turnpike,Piinijug,IN,48807,$5536.35,GREEN,11/29/2034
661,Lou,Craig,40,Cusmal View,Zifurrop,RI,74606,$1664.42,WHITE,07/21/2058
662,Effie,Newman,64,Tuze Pass,Ivolevbu,DE,87345,$8867.97,RED,03/07/1922
663,Donald,Powell,49,Zice Terrace,Hopsuwa,AL,64888,$7467.02,YELLOW,09/15/1990
664,Marguerite,Black,65,Torik Drive,Kopobdu,SC,26767,$3128.59,YELLOW,10/29/2011
665,Micheal,Boone,50,Kocjor Mill,Kohnunlab,CO,33587,$4169.43,RED,02/21/2047
666,Chris,Walker,37,Edosu Ridge,Luciub,IA,29654,$448.31,RED,03/16/2062
667,Micheal,Blake,19,Kike Key,Gowadedik,AZ,72314,$9921.67,RED,11/05/2051
668,Christian,Singleton,38,Voraj Circle,Atiifamo,PA,81686,$484.83,BLUE,11/27/2007
669,Ian,Cook,24,Nefic Pass,Bopinaco,KS,06887,$8375.56,RED,01/01/1930
670,Calvin,Wise,35,Daezo Highway,Sarguzob,WV,54245,$1544.60,GREEN,08/02/2021
671,Maria,Hawkins,49,Osugi Lane,Saersa,AZ,33885,$3130.70,WHITE,10/19/1947
672,Derrick,Lee,60,Sehot Path,Nuhkomar,NJ,95481,$7926.01,GREEN,06/05/1931
673,Alvin,Estrada,62,Jaga Point,Jicanaj,HI,65196,$6775.88,WHITE,11/05/1978
674,Lida,Rios,38,Edali Highway,Rakajco,NM,29369,$2984.72,RED,11/26/1911
675,Carrie,Figueroa,60,Covo Place,Maszahni,DE,80510,$5622.02,RED,02/14/1989
676,Adelaide,Lyons,24,Dofnor Terrace,Tabarevo,MN,09789,$2831.26,RED,04/25/1932
677,Keith,Morrison,32,Tonnu River,Ibonicpuj,VT,20440,$6951.68,RED,03/03/2002
678,Lottie,Lloyd,65,Kubok Extension,Ulbumdul,VT,12236,$486.76,BLUE,09/14/1933
679,Blanche,Harris,23,Gejuzi Way,Ujiiribuv,NV,87201,$6651.24,WHITE,09/25/1951
680,Edwin,Bishop,46,Wigu Ridge,Kivewki,NY,50274,$3512.99,WHITE,09/01/1956
681,Louise,Santiago,37,Iguduf River,Mofivhep,TX,46354,$7651.80,BLUE,08/11/1988
682,Elnora,Roberson,34,Tezu Court,Kovugvi,ME,94436,$6130.12,GREEN,06/22/1997
683,Albert,Taylor,47,Vaava Road,Valowgun,NY,62839,$5286.73,GREEN,04/09/1905
684,Bernard,Hernandez,51,Liloh Key,Zawoora,MO,61143,$3346.74,BLUE,04/22/1905
685,Abbie,Black,18,Irucoh Junction,Tajagufa,ID,69812,$7914.83,WHITE,10/18/1976
686,Lee,Norton,31,Tipat Extension,Lebobre,OH,64314,$253.82,YELLOW,02/25/1974
687,Claudia,McBride,59,Ehuji Court,Hobbilcow,TX,99164,$1017.40,WHITE,11/30/2043
688,Amelia,Barrett,64,Wewfa Drive,Idcocwa,PA,36682,$8510.46,YELLOW,04/05/1967
689,Lettie,Schwartz,39,Ralig View,Vapappak,UT,51541,$208.05,BLUE,08/22/1903
690,Eliza,Greene,45,Wecjo Heights,Cuhukpiv,SD,08125,$258.03,RED,04/25/1905
691,Cora,Patterson,58,Jenhoj Court,Relhooj,SD,80596,$9323.59,BLUE,09/07/1974
692,Anne,Fleming,55,Gecbe Park,Ecasuvet,CT,96304,$9087.02,BLUE,03/18/1925
693,Elnora,Gordon,62,Hupuf Turnpike,Mamefagi,AZ,94362,$6710.54,BLUE,11/14/2020
694,Troy,Washington,49,Soso Glen,Rohjawu,CA,33674,$7133.61,YELLOW,08/11/1913
695,Curtis,Evans,24,Givpad Loop,Huriggis,MT,66202,$8561.60,RED,02/06/2046
696,Sarah,Fields,25,Zabne Manor,Mokjicez,CO,71800,$2479.80,BLUE,09/29/2045
697,Rosie,Sharp,56,Ewpu Grove,Cimufoti,RI,47800,$3762.06,GREEN,02/13/1915
698,Blanche,West,57,Ashe Boulevard,Azziztil,WY,41488,$2631.30,GREEN,10/24/2043
699,Adrian,Phillips,44,Regwe Way,Ruumico,WI,14594,$5954.38,GREEN,01/03/1984
700,Pauline,Castillo,23,Sehuse Boulevard,Dujjabe,ND,84856,$2629.67,WHITE,12/08/1942
701,Della,Maxwell,43,Doeto Avenue,Nutikbi,CA,75228,$5983.87,GREEN,09/07/2051
702,Alejandro,Parks,24,Cizkuj Park,Iknedlo,NE,00360,$8605.34,BLUE,07/30/2043
703,Gregory,Beck,22,Joju Lane,Rezojuvif,UT,03383,$5827.44,WHITE,05/08/1992
704,Jack,Caldwell,56,Tarow Grove,Enazicuk,WA,88841,$9584.08,YELLOW,10/29/1900
705,Nell,Flores,62,Abruh Terrace,Mehopce,TX,16193,$1963.41,RED,05/14/1907
706,Addie,Dixon,29,Efojap Circle,Hijiwmuh,HI,23804,$9499.66,YELLOW,10/29/1969
707,Henrietta,Fisher,28,Jebuv Pike,Nazilbo,TN,59247,$4369.03,BLUE,09/20/1907
708,Ella,Hicks,64,Vusga Trail,Nomdazdo,DC,95513,$8140.12,GREEN,12/26/2049
709,Cody,Gibbs,62,Gomek Place,Odvelo,SD,90586,$2906.24,RED,11/27/2047
710,Phoebe,Weber,65,Pihga Trail,Gussobu,SC,22227,$4579.13,YELLOW,03/10/1980
711,Eliza,Malone,40,Sapom Glen,Fubbanoc,PA,35771,$5780.39,GREEN,07/15/2010
712,Ann,Garner,54,Enji Loop,Todniat,OH,82942,$6135.29,GREEN,07/19/1904
713,Johnny,Harper,59,Rinroc Loop,Metjohvic,NM,53058,$8987.97,RED,02/13/1978
714,Lela,Park,31,Lunle Parkway,Weumhu,NV,31541,$1865.71,RED,03/23/1934
715,Jimmy,Gomez,34,Kuru Parkway,Tumonew,OH,59774,$6044.85,BLUE,02/17/2041
716,Jacob,Romero,23,Kiil Ridge,Rawulhu,OH,32496,$9300.96,YELLOW,08/25/1947
717,Theresa,Hudson,24,Ibdar Key,Midgeipu,IA,06822,$3435.75,YELLOW,09/25/2047
718,Steve,Pena,20,Kewe Highway,Iviraugo,CA,96040,$3545.90,GREEN,01/25/1982
719,Rebecca,James,34,Kujan Lane,Bulpadpuk,NC,25522,$6120.93,WHITE,05/16/2052
720,Viola,Farmer,18,Lona Place,Wejavis,MD,96666,$5728.84,RED,01/11/1974
721,Frederick,Hansen,60,Lovo Court,Gahurawev,WY,46538,$8124.21,RED,01/09/1963
722,Rosa,French,37,Ewwa Parkway,Oroafori,MS,75694,$2257.33,YELLOW,03/15/2043
723,Alta,Goodwin,34,Dumu Park,Kurozu,ME,38494,$9332.86,BLUE,02/27/1902
724,Robert,Powell,33,Juki Manor,Orozava,ND,01449,$2907.21,YELLOW,09/10/1960
725,Grace,McCarthy,56,Kaelu Road,Wiwlewa,NY,72557,$8912.76,BLUE,10/04/1960
726,Patrick,Luna,52,Imaur Road,Beofij,TX,51528,$9186.23,RED,11/05/2042
727,Lola,Franklin,39,Jaure Terrace,Mamejkuv,ME,68061,$1534.85,RED,05/17/1925
728,Tyler,Schmidt,21,Degvom Lane,Fahwikwan,MT,49037,$4493.74,RED,09/27/1957
729,Troy,Mendoza,27,Feni Street,Rilofeko,DE,71089,$176.94,RED,08/31/2036
730,Ethan,Austin,40,Saow Parkway,Gajaoba,SC,04063,$2260.96,YELLOW,05/15/2049
731,Derrick,Keller,60,Evek Key,Dimbole,MS,68138,$9070.90,WHITE,03/19/2003
732,Steve,Dixon,41,Vibsaj Street,Udzewku,LA,53550,$4643.89,WHITE,03/28/1941
733,Clifford,Wolfe,54,Davob Trail,Meseha,MS,62200,$1120.07,WHITE,06/12/2031
734,Sophie,Clark,40,Dafec Way,Wigbakiz,WA,69070,$4211.56,YELLOW,07/21/1945
735,Dylan,Foster,65,Rikat Street,Waawuzo,NV,31886,$2732.34,YELLOW,11/13/2022
736,Andrew,Haynes,48,Ihufer Turnpike,Ridgaso,MT,55589,$7378.45,BLUE,07/12/1974
737,Lloyd,Walsh,36,Semic Glen,Obarihavi,OR,71044,$5742.59,WHITE,08/31/1913
738,Kathryn,Santiago,43,Etima Trail,Ripiliit,WI,16177,$6194.48,WHITE,01/03/2064
739,Ann,Carson,42,Nuslu Pike,Rundutva,FL,92277,$3561.08,YELLOW,11/03/2004
740,Keith,Young,56,Ikudug Heights,Wunatrat,OH,86690,$3721.28,BLUE,12/09/1969
741,Mary,Rice,31,Muso Plaza,Podlukora,ND,60460,$6459.36,GREEN,09/13/2045
742,Bernard,Bishop,39,Hagge River,Hembemic,ID,11922,$7220.37,YELLOW,08/09/2007
743,John,Alvarez,64,Heaz Circle,Mijecazu,WV,08160,$9823.82,GREEN,02/10/1910
744,Albert,Lindsey,44,Vanmu Road,Laveiro,WI,23347,$7916.77,GREEN,08/05/1980
745,Elmer,Stewart,62,Vodec Way,Enjefa,CO,77126,$1075.16,BLUE,11/28/2047
746,Maria,Howard,18,Mupuv Terrace,Nicviol,CO,33235,$4552.34,GREEN,09/21/1972
747,Wesley,Quinn,47,Mirbin Court,Jejkafofo,DC,83618,$1916.14,RED,02/04/1996
748,Ralph,Hayes,31,Ahiiki Highway,Wozefag,UT,86165,$9370.16,YELLOW,09/04/1972
749,Mary,Bradley,51,Buwih Road,Sopnobvu,MI,19082,$7776.38,GREEN,08/04/1924
750,Belle,Edwards,59,Noiva Circle,Afotara,MA,15534,$2289.17,YELLOW,09/26/1969
751,Mary,Walters,24,Neksu Turnpike,Gimipuw,SC,60528,$9490.04,YELLOW,01/26/2069
752,Rodney,Griffith,38,Famsa Mill,Tapfidkek,DE,03106,$1547.84,WHITE,12/20/1908
753,Jay,Hernandez,43,Bufweh Ridge,Cimefha,ID,43247,$2207.70,YELLOW,10/05/1943
754,Jayden,Wise,30,Zozneb Circle,Osusoclij,TX,64557,$5662.87,YELLOW,03/08/2014
755,Mabelle,Vasquez,37,Juvuc Key,Lofginge,CO,77269,$4049.56,WHITE,12/17/2067
756,Michael,Bennett,65,Osoca Court,Fekefeh,GA,56994,$7614.66,BLUE,12/11/2056
757,Bradley,Matthews,60,Wiwvod Key,Hicakvow,ME,36944,$3378.72,WHITE,04/25/2070
758,Barry,Herrera,20,Tuphup Plaza,Rehtipwah,CO,57419,$5437.10,YELLOW,06/23/1982
759,Estella,Soto,40,Jegib Highway,Pamupmo,NH,54497,$1591.21,YELLOW,06/15/2030
760,Mabel,Watts,44,Isaavi Glen,Hapinzak,GA,85630,$4355.81,WHITE,04/05/1980
761,Glenn,Smith,48,Dumje Point,Muhauj,RI,39206,$6392.87,RED,07/18/2054
762,Chester,West,55,Jelaz Grove,Suczubum,NE,59773,$3697.09,GREEN,03/05/1940
763,Georgie,Cross,31,Nicaj Pass,Doprowip,RI,68529,$9629.11,YELLOW,03/16/2018
764,Leona,Roberson,24,Eboso Circle,Mikdezwav,OH,77526,$8264.46,WHITE,01/31/1972
765,Paul,Welch,58,Topal Heights,Hemkojmi,WI,56412,$7110.38,WHITE,08/19/1912
766,Elsie,Kelly,54,Rajiv Place,Milonis,CT,57577,$2530.72,BLUE,12/24/1940
767,Joe,Fitzgerald,25,Vete Lane,Ongohe,NH,37833,$2790.87,WHITE,11/10/1995
768,Polly,Peters,37,Vumir Center,Gatubsi,KS,93757,$4323.73,GREEN,01/21/1937
769,Annie,Baker,56,Wuetu Lane,Tawvutliv,CA,26952,$4625.54,GREEN,02/02/1910
770,Nannie,Blake,27,Puot Turnpike,Icidalho,AL,36012,$1809.41,WHITE,03/13/1932
771,Susan,Steele,61,Jafba Square,Repezoh,MO,93667,$1185.07,YELLOW,04/27/1967
772,Clifford,Tate,24,Jemnus Plaza,Ozhewkem,NE,36602,$8839.33,RED,11/10/2061
773,Robert,Mills,26,Lavir Lane,Hicenonej,MS,31148,$9673.84,BLUE,10/03/1993
774,Minerva,Turner,36,Feuci Boulevard,Gujuzze,VT,17490,$6805.41,WHITE,03/01/2007
775,Minnie,Lloyd,24,Jeag Pass,Kepebuwo,ID,57885,$7922.96,BLUE,11/02/2059
776,Jon,Hines,19,Gakomo Turnpike,Ziriula,OH,31654,$7371.78,BLUE,09/23/2022
777,Henry,Clayton,64,Oguepa Loop,Eggola,GA,68009,$9420.44,GREEN,01/04/1939
778,Mitchell,Bennett,30,Pelif Path,Ravizdo,WV,99449,$8605.00,GREEN,03/26/1935
779,Lou,Casey,63,Tevtoz Plaza,Haadna,UT,26380,$9963.09,WHITE,03/13/2066
780,Nathan,Osborne,22,Pake Ridge,Mashuoc,SC,82770,$9661.02,BLUE,10/09/1960
781,Rebecca,Patton,26,Cadi Avenue,Zuvdumsoj,CA,90693,$1958.66,WHITE,10/10/1949
782,Cole,Mendoza,54,Immi Loop,Titidem,NY,93465,$3474.68,WHITE,12/30/1925
783,Dorothy,Morris,56,Zonmi Plaza,Jevhimit,DC,74460,$7903.23,WHITE,01/27/1909
784,Isabella,Chavez,46,Hehjap Plaza,Diobfa,VT,68136,$2432.62,WHITE,02/11/2038
785,Hulda,Bowen,52,Vupa Square,Tipure,NY,55028,$355.68,YELLOW,11/13/1901
786,Rhoda,Roy,59,Kijo Park,Moanifim,NE,96390,$3542.14,GREEN,04/25/1948
787,Katherine,Vega,31,Sodo River,Wupatbeh,TX,19600,$5238.99,YELLOW,12/23/1980
788,Connor,Garza,52,Ipocal Street,Nezapzi,AZ,71709,$6792.60,RED,11/14/2051
789,Aiden,Henderson,42,Wulop Extension,Cufbuvpe,ND,60857,$5767.29,YELLOW,12/22/2026
790,Albert,Conner,25,Ollun Turnpike,Padbajal,GA,54457,$5705.64,GREEN,04/22/2042
791,Cecilia,Patton,40,Piik Drive,Botofne,MS,38022,$1421.10,WHITE,10/04/2024
792,Hilda,Rhodes,46,Muako Key,Mumulamu,SC,48224,$9662.00,RED,12/14/1918
793,Elizabeth,Hansen,57,Kuhvi Trail,Cetekhi,ID,96172,$5334.32,BLUE,02/23/2069
794,Logan,Davidson,39,Favu Key,Doolvo,OR,40185,$6623.80,BLUE,05/29/1921
795,Edwin,McCoy,29,Jebga Point,Urnemmal,NH,53748,$8734.52,RED,05/28/1928
796,Nell,Romero,57,Huzner Junction,Vugurser,TN,45864,$9156.61,GREEN,08/04/1916
797,Philip,Burke,49,Nura River,Taattov,KS,09045,$6246.07,WHITE,01/15/1991
798,Phoebe,McBride,61,Kihoj Plaza,Hibugose,MD,27450,$6567.25,RED,07/12/1952
799,Jeanette,Lynch,40,Saude View,Pissano,SC,31434,$7867.79,WHITE,04/09/2023
800,Nina,Page,21,Dihbo Lane,Nahjusej,TN,21964,$1181.95,YELLOW,08/12/1917
801,Douglas,Barton,25,Ohra Extension,Vekbutti,NJ,95521,$4506.13,RED,05/12/1972
802,Mittie,Bowers,33,Kaib Grove,Rajefu,OH,30976,$6203.89,BLUE,11/14/2046
803,Jesus,Curtis,48,Veta Avenue,Vulevhup,UT,20562,$3486.47,RED,01/28/2050
804,Lenora,Jimenez,43,Eweten Avenue,Saneruh,OR,54434,$6016.23,RED,06/07/1980
805,Lenora,Kelly,54,Jifwu Point,Rupfusgef,OK,22886,$124.87,RED,05/27/1953
806,Stella,Banks,59,Eseab Place,Udihizi,VT,42964,$7498.58,YELLOW,10/02/1945
807,Tyler,Luna,65,Ruico Court,Roclewiw,NH,45753,$561.33,GREEN,03/31/1971
808,Iva,Hamilton,40,Kipbi Boulevard,Bazgici,VT,27519,$977.61,RED,04/14/2031
809,Isabella,Hardy,23,Neka Point,Wozsamid,OK,98310,$1558.36,GREEN,12/02/2044
810,Steve,Stanley,60,Nami Way,Zacnaluto,VA,73197,$9691.59,YELLOW,03/27/2045
811,Helen,Rodriquez,50,Dicdof Key,Ojecijo,MI,97950,$4233.97,GREEN,10/05/1973
812,Allen,Lynch,65,Tuwgat Parkway,Mubuspi,NH,81913,$101.82,RED,03/17/2066
813,Lee,Flowers,49,Bopfu Pass,Moneto,GA,67804,$4855.23,YELLOW,09/03/1956
814,Jacob,Parker,57,Ovahar Plaza,Ewizil,TX,30636,$418.52,YELLOW,12/08/1975
815,Alvin,Gutierrez,24,Vumgim Lane,Romuwuvu,KY,06880,$2353.88,BLUE,04/29/1944
816,May,Moody,29,Jaso Center,Mosvahvid,MA,74606,$2560.08,GREEN,12/15/1957
817,Lora,Robbins,41,Vupaf Loop,Hamjoso,SC,50279,$6773.84,YELLOW,05/04/1928
818,Edwin,Cunningham,56,Bahad Court,Lefijfo,OH,21027,$7524.39,WHITE,06/09/2009
819,Lou,Dunn,65,Vujuni Street,Zamtefa,OK,94992,$2634.81,WHITE,11/26/1989
820,Ivan,Warner,43,Fezci Square,Orenekov,RI,90112,$808.44,RED,02/16/1935
821,Eric,Frazier,23,Genfu Extension,Hewiwuzav,TX,01192,$9277.87,RED,10/26/2035
822,Adrian,Coleman,22,Hozi Trail,Jelsutu,LA,68468,$6084.65,YELLOW,09/17/1914
823,Jackson,Moreno,46,Wiej Plaza,Zipesifef,HI,10222,$9896.36,YELLOW,02/23/1914
824,Catherine,Santos,52,Iwuid View,Koekib,NE,70129,$7075.16,BLUE,07/01/1951
825,Jerry,Quinn,24,Lepib Road,Lufabkof,DC,44380,$5931.51,YELLOW,03/16/1938
826,Samuel,Griffith,60,Ornil Junction,Oriduto,NC,40788,$822.37,YELLOW,06/07/1993
827,Alberta,Frazier,43,Johuh Key,Giesamif,MS,26878,$8172.83,WHITE,11/07/1902
828,Warren,Burke,40,Jurdo Path,Adruri,RI,59846,$6476.14,WHITE,01/28/2018
829,Virgie,Arnold,29,Pepe Street,Sarvolgop,DE,74526,$1091.46,WHITE,06/05/2063
830,Eugene,Hopkins,51,Dokwob Park,Wazuwre,WV,00281,$1089.43,GREEN,10/05/1969
831,Clyde,Jimenez,36,Viva Avenue,Uswibde,NE,82284,$6673.60,BLUE,12/18/1919
832,Elsie,Curtis,30,Juzviv Key,Fegsediz,MA,96876,$9079.53,BLUE,11/04/1969
833,Chris,Simon,47,Wibos Heights,Urpobe,MN,50034,$7232.56,WHITE,11/03/1986
834,Eliza,Townsend,20,Dumu Pike,Pagigad,CA,03816,$8871.05,GREEN,03/16/2040
835,Bernice,Collier,32,Sewena Square,Tedanfi,MO,87126,$4834.91,BLUE,04/09/1979
836,Madge,Hanson,47,Higpo Parkway,Owkilwi,WY,15643,$5528.35,BLUE,06/30/2037
837,Bessie,Sutton,25,Tahwuj Grove,Pokasrac,FL,39939,$2219.91,RED,04/06/2053
838,Nannie,Douglas,25,Gihir Place,Oztinig,MA,13867,$9560.08,BLUE,08/08/1995
839,Ethan,Rios,64,Coboz Loop,Jeitcer,VA,71716,$6666.89,WHITE,09/11/1931
840,Phillip,Nelson,54,Isipo Center,Jiksuhu,IN,73465,$3464.02,BLUE,07/08/1904
841,Vera,Chapman,32,Jifku Parkway,Pelkoruk,NJ,48250,$5264.68,GREEN,06/09/1912
842,Cynthia,Welch,65,Gauz Glen,Foborava,ME,00453,$3621.39,YELLOW,12/01/1914
843,Jeffrey,Roy,63,Biwbes View,Muddieva,GA,20241,$2117.51,YELLOW,03/18/1980
844,Adam,Pittman,65,Jerfof Boulevard,Kutapnot,MA,57090,$6797.83,BLUE,06/06/1962
845,Ina,Santos,24,Naepu Plaza,Balpizuc,CT,45203,$5108.30,YELLOW,10/31/1942
846,Alta,Reid,35,Likguj Key,Uhpawet,WY,65382,$9740.21,YELLOW,07/13/2050
847,Cory,Lowe,18,Neso River,Wavobtuv,IA,90758,$6366.37,GREEN,10/28/2007
848,Lloyd,Foster,46,Rawepa Terrace,Citkonze,AL,43202,$2647.00,YELLOW,11/07/2001
849,Sophia,Montgomery,51,Itti Lane,Foddotaj,FL,57018,$4332.91,WHITE,06/18/2060
850,Ernest,Welch,42,Kati Grove,Ahediwal,MO,59211,$2944.89,BLUE,12/29/1984
851,Juan,Vaughn,42,Cukwoj Terrace,Acfurewo,ID,33336,$9504.02,YELLOW,09/06/1919
852,Fannie,Hodges,18,Hinet Loop,Biprovemi,AK,20337,$1331.76,RED,10/13/1986
853,George,Robertson,29,Fojug Heights,Omovruc,OK,87864,$790.54,BLUE,03/06/2059
854,Gene,Bowman,59,Mofi Path,Wesudace,TN,81091,$2515.82,BLUE,12/22/2024
855,Don,Gray,60,Zosuj Court,Tunjekes,CA,85400,$7912.29,RED,07/02/2003
856,Agnes,Wheeler,46,Ovuza Lane,Aviwafin,MT,22743,$4323.54,RED,05/24/1974
857,Corey,Page,45,Cesfiz Ridge,Negzevut,PA,31260,$6012.93,BLUE,04/17/2015
858,Gussie,Garcia,37,Ropum Grove,Vudufiri,DC,60487,$3740.20,GREEN,03/06/2021
859,Lena,Rose,53,Buar Pike,Akopahe,VT,50545,$8836.95,YELLOW,12/22/2010
860,Celia,Carroll,21,Ruboh Lane,Cevkaugo,PA,15398,$3729.84,RED,02/03/1991
861,Estella,Montgomery,49,Ektus Manor,Sutegbo,AL,51030,$4250.71,RED,12/19/2026
862,Della,Barnett,43,Jalro Ridge,Dariffu,MN,39076,$1515.67,RED,03/07/2062
863,Sallie,Knight,23,Enke Plaza,Gahvihu,MO,07694,$5115.60,WHITE,06/08/1998
864,Franklin,Griffin,65,Hokjer Loop,Eztiohu,ME,43744,$5015.92,WHITE,10/27/2059
865,Devin,Castillo,30,Gicro Center,Usefujwin,IN,01261,$6028.64,YELLOW,02/10/1927
866,Jeanette,Ramirez,58,Olukod Point,Govobu,NY,17877,$512.63,GREEN,04/22/2061
867,Mittie,Meyer,61,Dipne Circle,Balome,NY,20875,$1516.89,BLUE,07/19/2002
868,Celia,Welch,31,Ubruw Square,Gicgaibo,UT,33350,$279.45,GREEN,08/31/2056
869,Ryan,Schwartz,41,Peobi Path,Mohupin,UT,89482,$3708.92,YELLOW,07/24/1934
870,Lola,Austin,61,Talil Path,Coloble,CA,38653,$243.77,BLUE,05/22/2063
871,Aaron,Conner,59,Onafi View,Kiwegeev,OH,52251,$9574.99,RED,01/17/2043
872,Troy,Gonzalez,37,Gikal Turnpike,Zopetaj,FL,46761,$7904.93,BLUE,03/04/1974
873,Myrtie,Page,30,Rino River,Uccepe,WV,71799,$355.14,YELLOW,04/27/2006
874,Cole,Carter,18,Cifur Point,Fejahe,TX,47543,$2948.37,WHITE,04/07/1900
875,Matthew,Scott,57,Inatu Glen,Momajece,NY,92449,$2669.77,WHITE,02/01/1941
876,Willie,Caldwell,42,Rena Avenue,Deovpu,OH,90236,$5147.17,BLUE,05/21/2029
877,Elva,Woods,64,Riov Glen,Bawakuv,VT,68406,$7208.23,RED,06/22/2044
878,Jason,Brock,37,Herput Drive,Kutibak,AK,18496,$1066.79,GREEN,03/21/2023
879,Alan,Silva,57,Kofibi View,Jupoha,AR,14759,$1583.15,BLUE,04/28/1989
880,Lelia,Stanley,18,Kabuh Heights,Moejuij,SC,44276,$1381.99,RED,12/24/1946
881,Sallie,Reese,50,Kahig Street,Nozeftut,DC,80977,$3194.87,GREEN,07/27/2001
882,Lester,Allison,37,Jilhaz Loop,Irkevwu,AZ,31907,$7447.79,YELLOW,04/02/1901
883,Sadie,Reed,26,Olso Pass,Icjipba,RI,36590,$7864.35,YELLOW,02/10/2034
884,Sadie,Wilson,33,Umike Glen,Hiwacapob,NC,31873,$3784.76,WHITE,06/29/2053
885,Randy,Bell,59,Jecbo Glen,Sibzual,NE,01010,$1833.62,YELLOW,08/17/1906
886,Mamie,Stephens,18,Donun Loop,Viekmuv,LA,48210,$5563.52,WHITE,06/12/1947
887,Floyd,Crawford,23,Luem Highway,Towdogi,AL,86891,$8652.38,RED,01/26/2041
888,Lester,Ortiz,33,Dakec Way,Hodfoza,CT,58176,$5195.50,YELLOW,12/30/2008
889,Antonio,White,20,Dokwa Highway,Gavebebu,MT,40172,$5200.62,GREEN,10/09/1933
890,Calvin,Buchanan,43,Vadok Key,Mosomol,TX,26429,$5927.03,GREEN,01/26/1930
891,Iva,Payne,21,Vula Plaza,Zojabsub,NE,82234,$3922.47,BLUE,02/01/2043
892,Herbert,Salazar,31,Botvi Boulevard,Howohu,AR,35700,$320.17,RED,05/09/2042
893,Francis,Lowe,65,Sulo Parkway,Eraibadap,NH,32232,$5889.47,GREEN,07/20/1967
894,Julia,Allen,23,Fage Square,Etunuseg,KS,31780,$6266.77,GREEN,01/25/2038
895,Chad,Curtis,61,Jecmiw Turnpike,Gariwona,MD,83956,$5729.15,WHITE,11/14/2015
896,Noah,Barnes,34,Rada River,Mavvuzej,NJ,61080,$7433.69,WHITE,11/05/1945
897,Georgia,Sims,45,Nefheg Heights,Hasbugofi,SC,43858,$6531.68,RED,12/26/1914
898,Eric,Fleming,57,Mijgu Trail,Ecohunom,LA,33580,$2387.81,YELLOW,10/03/2067
899,Phoebe,Parks,27,Ecere Point,Fakenew,MD,83111,$2161.29,BLUE,01/23/1955
900,Alta,Bass,18,Gapu Ridge,Capjupam,MS,99693,$1400.19,RED,03/30/1918
901,Maggie,Collier,28,Jonki Way,Deguoso,CA,85841,$6157.78,WHITE,01/08/1987
902,Polly,Hall,59,Vejsid Lane,Zidcazwom,RI,25544,$3230.00,BLUE,11/15/1923
903,Hettie,Briggs,26,Gunki Extension,Ojrenged,TX,17712,$3500.21,GREEN,08/08/1923
904,Viola,McCarthy,20,Osiba Street,Hiiwihac,ID,57085,$1196.43,WHITE,07/24/2002
905,Bernice,Padilla,64,Itimon River,Joevzih,DC,28393,$7892.29,WHITE,01/01/1949
906,Duane,Curry,27,Iriir Junction,Irtemvas,TX,67255,$260.78,BLUE,04/11/1922
907,Gertrude,Rodriquez,30,Zenez Boulevard,Peroti,MO,84237,$4540.29,BLUE,10/08/2041
908,Adeline,Stokes,45,Nare Park,Lapinud,NE,05793,$33.83,BLUE,02/18/2036
909,Ellen,Howard,59,Gense Park,Fawmiez,NY,39970,$8127.97,WHITE,03/27/1905
910,Martha,Jordan,29,Teni Trail,Ivupagat,MA,07608,$6613.79,YELLOW,01/13/1998
911,Beulah,Guzman,19,Futleg Glen,Vumeceh,MN,38020,$1597.21,GREEN,12/02/1933
912,Donald,Jenkins,29,Gilwi Point,Vacnaljop,HI,62311,$1974.18,GREEN,11/23/1917
913,Olive,Snyder,32,Asuzic Mill,Larusu,DC,98108,$5947.62,RED,03/10/1947
914,Vincent,Gross,29,Ablaz Manor,Vanhijla,GA,41016,$5316.58,BLUE,07/04/2037
915,Josephine,Mullins,47,Lowsok Avenue,Diuralew,WY,10874,$7711.69,GREEN,10/31/2054
916,Ralph,Schneider,46,Fifjof Pike,Uzelekfur,IL,02560,$1730.05,WHITE,10/08/2007
917,Fannie,Fields,41,Bobije Court,Dozjuso,OH,80751,$2424.05,WHITE,11/21/1936
918,Albert,Mathis,63,Ravhe Boulevard,Eklaofu,PA,83008,$5207.69,BLUE,09/11/2006
919,Lettie,Hall,34,Vefwa Boulevard,Zunifhor,AK,55640,$2496.44,RED,03/12/2004
920,Lora,Zimmerman,38,Fisoro Loop,Ifaipkab,MN,69874,$430.82,RED,06/06/2007
921,Eric,Brady,50,Ilaaza Manor,Vetzogmeh,MS,94311,$3121.83,GREEN,06/16/1923
922,Lily,Hammond,44,Liha Drive,Bettugo,NC,56647,$5710.29,WHITE,09/16/1982
923,Jay,Black,18,Nupi Manor,Zobbusiv,AZ,78355,$3694.10,YELLOW,10/26/1962
924,Virgie,Padilla,60,Nakpu View,Tawefwe,SC,21041,$4189.19,GREEN,03/17/1957
925,Effie,Shelton,57,Kesiki Circle,Hubobra,MI,70098,$222.99,YELLOW,04/25/2028
926,Elsie,Marsh,63,Asamiv Terrace,Ajzosu,DE,84449,$5522.27,BLUE,09/13/1961
927,Janie,Evans,57,Aceuki Drive,Kavtinge,NV,89979,$3612.17,YELLOW,08/22/1936
928,Herman,Nguyen,41,Jafas Pass,Nusapad,NY,12896,$5255.99,WHITE,04/14/1906
929,Marvin,Stevenson,45,Ebise View,Vowwaku,NV,55811,$5548.04,WHITE,07/06/1977
930,Ina,McKinney,45,Zozid Street,Lokbeczuz,ID,50860,$4335.31,BLUE,09/11/2046
931,Andre,Poole,19,Okeic Center,Iwaepje,PA,16332,$7779.40,BLUE,03/15/2067
932,Beulah,Ramsey,64,Aroro Manor,Sommurap,IL,82624,$3854.65,RED,10/13/1921
933,Delia,Gregory,44,Gawha Key,Kidsolac,PA,84803,$6948.15,BLUE,12/20/1949
934,Sarah,Glover,24,Pidpuc Point,Iwaibse,DE,83263,$8805.19,GREEN,05/14/2063
935,Russell,Davidson,35,Faffe Way,Apifireb,CO,71216,$9568.26,GREEN,05/07/1986
936,Lee,Frank,57,Ocucog Road,Fokefpib,SC,31660,$2777.29,YELLOW,09/15/1938
937,Harriet,Simpson,27,Egari Way,Alarpu,VT,31354,$6602.60,WHITE,03/10/1982
938,Oscar,Collins,56,Gitjo Pass,Azauhmoh,KS,07823,$4429.59,RED,11/04/1902
939,Duane,Hopkins,46,Dead Glen,Vebkope,ID,67594,$8149.66,GREEN,09/19/2059
940,Delia,Miller,50,Meba Terrace,Nacitin,NM,57569,$1245.01,WHITE,04/29/2016
941,Eleanor,Sandoval,19,Weru Path,Jarogji,CO,00491,$3131.27,RED,01/09/1917
942,Keith,Moore,61,Hardid Highway,Limfelpe,AZ,79272,$3326.38,YELLOW,10/06/1940
943,Verna,Cross,33,Urihi Pass,Darzuhib,KY,17421,$9899.44,WHITE,02/18/2007
944,Leon,Crawford,52,Rivof Glen,Rekofri,MO,07282,$6506.25,RED,08/26/1908
945,Harvey,Reese,32,Jebaz River,Vilapoh,KS,57529,$6542.56,WHITE,02/14/1966
946,Sophia,Gutierrez,26,Kerod Plaza,Enfozeho,RI,09057,$6043.66,WHITE,08/12/1957
947,Lucas,Vaughn,47,Vohgot Drive,Otofupubi,WI,18873,$2188.75,BLUE,06/14/1996
948,Lettie,Anderson,57,Jotbef Highway,Liukaci,SD,43533,$8281.90,RED,03/29/1937
949,Edgar,Neal,31,Tedme Path,Arugjiw,MT,75427,$2197.92,GREEN,08/11/1986
950,Rosetta,Waters,49,Iwaoli Pass,Udjusev,AL,88311,$637.85,RED,11/17/2017
951,Jeff,Hudson,19,Duwdav Avenue,Egzamci,AZ,14693,$1771.13,YELLOW,02/05/1949
952,Martin,Rhodes,55,Goiri Pike,Bizlojru,IA,68196,$3669.56,WHITE,09/12/1960
953,Alberta,Figueroa,63,Bezes Place,Zoccinec,MO,19796,$3199.44,WHITE,08/23/1932
954,Zachary,Gross,49,Iziraj Loop,Powabaj,IA,04921,$1273.11,WHITE,06/29/2054
955,Marcus,Cooper,31,Faefu Trail,Esekali,CO,27170,$8274.65,BLUE,03/25/1927
956,Ethan,Pena,24,Huvid Pike,Fencohaw,SC,66001,$6948.66,YELLOW,01/21/1902
957,Sylvia,Abbott,37,Gizfu Grove,Haneldo,IN,15164,$9764.77,GREEN,11/10/1960
958,Lola,Hernandez,27,Cosom Boulevard,Suwudacal,MA,13452,$5727.10,RED,08/03/2061
959,Joe,Flores,42,Zujwu River,Dudfisgi,VT,49195,$6700.03,WHITE,10/17/1919
960,Clarence,Black,26,Hedub Extension,Hezapo,SC,41956,$9631.78,RED,07/27/2051
961,Warren,Chavez,44,Ujurem Junction,Zericimi,AR,67797,$5381.45,YELLOW,07/30/2019
962,Dean,Cross,34,Zeho Loop,Uduhri,TN,04645,$7812.10,GREEN,03/25/1965
963,Clara,George,60,Ekvi Court,Elidopa,NH,65014,$1680.04,GREEN,01/23/2026
964,Julian,Cunningham,25,Robno Glen,Joborag,AK,27666,$300.09,RED,09/14/1919
965,Barry,Norman,65,Jetlo Parkway,Cowsupkum,AL,88081,$2857.43,YELLOW,11/19/2003
966,Owen,Rios,61,Repwuj Heights,Tigfoze,IL,79055,$1991.85,BLUE,01/31/1974
967,Cody,Lyons,61,Tuzot Road,Uhedoawu,MO,74085,$8956.72,WHITE,02/21/1923
968,Charlotte,Flowers,50,Kido Junction,Veuvmez,IN,61668,$5160.93,WHITE,01/09/1901
969,Ian,Chapman,64,Okoku Center,Isanarog,FL,05843,$5104.69,WHITE,11/14/2035
970,Jerry,Ingram,47,Neiho Manor,Eborommi,NY,67553,$8565.21,WHITE,02/21/1922
971,Caroline,Gutierrez,32,Ijaus River,Mudforri,OR,35389,$1429.88,RED,02/24/1997
972,Cole,Hall,55,Hiwu Road,Fituheb,NJ,59556,$6314.51,WHITE,10/29/2046
973,Ina,Morton,19,Lukor Lane,Umgiok,GA,00112,$9132.34,WHITE,09/12/1929
974,Edgar,Mills,61,Cerhe Plaza,Wibmesaf,WI,97376,$3107.86,YELLOW,10/10/1924
975,Emma,Gonzales,26,Lejna Drive,Pizcavat,GA,05872,$4184.24,BLUE,06/29/1954
976,Bess,Montgomery,65,Wetuk Heights,Kacuufo,NM,90988,$290.93,RED,08/27/1962
977,Matilda,Fowler,57,Jaget Road,Hefnitu,NM,38245,$8940.13,GREEN,08/18/2056
978,Ricardo,Flowers,33,Vicab Point,Toitjol,TN,62140,$5070.32,YELLOW,07/23/2008
979,Floyd,Tucker,32,Nozmoc Glen,Zahozgu,NE,01899,$7559.17,GREEN,12/20/2066
980,Eleanor,Richardson,36,Minu Square,Fobusuw,TN,92652,$6820.00,RED,02/19/1928
981,Mollie,Barton,59,Pazka Manor,Zolognuh,NE,84352,$239.47,WHITE,11/01/2022
982,Lucas,McBride,53,Kiwje Path,Migbupe,NJ,75033,$8097.63,WHITE,02/07/1931
983,Loretta,Brady,33,Togip Mill,Tijema,HI,73586,$8344.00,WHITE,03/15/1944
984,Etta,Kennedy,47,Duwom Path,Ahuhzu,NM,26854,$3424.43,BLUE,02/11/2015
985,Alan,Rice,53,Kuasu Lane,Fimawsi,UT,80202,$4625.88,WHITE,09/23/2028
986,Mayme,Lawrence,40,Fozo River,Jeotuna,OH,75580,$5259.85,BLUE,03/29/2036
987,Tony,Gomez,30,Zeelu Turnpike,Vopbowe,NY,29281,$7226.80,YELLOW,02/16/2057
988,Dustin,Morales,37,Zace Square,Piwiuco,RI,34461,$2049.29,GREEN,05/04/2019
989,Manuel,Ortega,62,Weraja Square,Kahugluk,MA,24124,$2618.01,RED,08/16/2039
990,Jon,Sutton,41,Ajve Plaza,Roomle,MD,65200,$4033.09,RED,10/15/2070
991,Clyde,Patrick,19,Hosvut Ridge,Jemovawa,PA,77203,$667.14,RED,08/26/1980
992,Cecilia,Thomas,19,Ehha Boulevard,Wegerata,IN,23033,$7051.15,YELLOW,05/07/2058
993,Minerva,Henry,48,Vitpeb Lane,Jeraapu,ID,29489,$636.08,RED,04/01/1968
994,Dale,Bailey,36,Ihwo Terrace,Pijippu,DE,32686,$5594.24,WHITE,01/31/1987
995,Daisy,Rose,24,Fazeg Trail,Fiksortej,TN,59224,$2299.93,RED,07/09/1936
996,Evelyn,Schmidt,40,Cepan Circle,Hejegom,WV,85505,$8301.80,WHITE,05/25/1940
997,Eunice,Wade,63,Vaesi Road,Tilhuaf,UT,32365,$8854.47,WHITE,02/21/2013
998,Lois,James,59,Degu Loop,Wazpotme,ME,16708,$9300.50,YELLOW,12/15/1900
999,Carl,Thomas,53,Tedwuc Trail,Kormohmuc,ME,17988,$593.59,RED,11/22/1966
1000,Abbie,Maxwell,59,Jofa Street,Bosotu,SC,38727,$9922.18,RED,06/08/2027
